frame_id,hand_id,手类型,finger_id,finger_name,node_id,node_name,x,y,z
128289,546,左手,0,拇指,1,关节1(靠近手掌),-110.67,122.76,137.54
128289,546,左手,0,拇指,2,关节2(中间),-136.87,152.71,121.13
128289,546,左手,0,拇指,3,关节3(指尖),-147.59,184.40,102.50
128289,546,左手,1,食指,1,关节1(靠近手掌),-123.23,157.04,79.92
128289,546,左手,1,食指,2,关节2(中间),-127.48,171.95,56.71
128289,546,左手,1,食指,3,关节3(指尖),-127.73,199.61,34.15
128289,546,左手,2,中指,1,关节1(靠近手掌),-107.58,152.07,75.04
128289,546,左手,2,中指,2,关节2(中间),-106.87,172.95,48.76
128289,546,左手,2,中指,3,关节3(指尖),-100.97,207.51,23.96
128289,546,左手,3,无名指,1,关节1(靠近手掌),-86.34,146.60,75.73
128289,546,左手,3,无名指,2,关节2(中间),-97.23,167.18,49.24
128289,546,左手,3,无名指,3,关节3(指尖),-102.50,191.97,25.86
128289,546,左手,4,小指,1,关节1(靠近手掌),-69.13,141.04,82.73
128289,546,左手,4,小指,2,关节2(中间),-62.51,149.01,65.06
128289,546,左手,4,小指,3,关节3(指尖),-54.82,165.18,46.67
128290,546,左手,0,拇指,1,关节1(靠近手掌),-107.03,124.47,136.04
128290,546,左手,0,拇指,2,关节2(中间),-134.02,154.10,119.06
128290,546,左手,0,拇指,3,关节3(指尖),-146.60,185.50,99.49
128290,546,左手,1,食指,1,关节1(靠近手掌),-117.78,157.96,77.50
128290,546,左手,1,食指,2,关节2(中间),-121.35,171.95,53.75
128290,546,左手,1,食指,3,关节3(指尖),-121.07,198.94,31.54
128290,546,左手,2,中指,1,关节1(靠近手掌),-101.44,152.85,73.02
128290,546,左手,2,中指,2,关节2(中间),-98.92,172.66,45.88
128290,546,左手,2,中指,3,关节3(指尖),-91.55,205.79,20.40
128290,546,左手,3,无名指,1,关节1(靠近手掌),-79.69,147.29,74.17
128290,546,左手,3,无名指,2,关节2(中间),-90.21,167.50,46.71
128290,546,左手,3,无名指,3,关节3(指尖),-95.56,192.21,23.80
128290,546,左手,4,小指,1,关节1(靠近手掌),-62.50,141.63,81.76
128290,546,左手,4,小指,2,关节2(中间),-55.85,149.16,64.35
128290,546,左手,4,小指,3,关节3(指尖),-48.38,164.96,46.93
128291,546,左手,0,拇指,1,关节1(靠近手掌),-104.21,126.82,133.17
128291,546,左手,0,拇指,2,关节2(中间),-131.37,156.33,116.49
128291,546,左手,0,拇指,3,关节3(指尖),-146.21,187.23,97.48
128291,546,左手,1,食指,1,关节1(靠近手掌),-113.75,160.03,73.45
128291,546,左手,1,食指,2,关节2(中间),-116.25,173.52,49.37
128291,546,左手,1,食指,3,关节3(指尖),-115.04,199.45,26.10
128291,546,左手,2,中指,1,关节1(靠近手掌),-96.92,154.71,69.32
128291,546,左手,2,中指,2,关节2(中间),-93.57,173.77,41.27
128291,546,左手,2,中指,3,关节3(指尖),-85.82,206.75,15.08
128291,546,左手,3,无名指,1,关节1(靠近手掌),-75.16,148.79,71.01
128291,546,左手,3,无名指,2,关节2(中间),-85.58,169.35,43.10
128291,546,左手,3,无名指,3,关节3(指尖),-91.03,194.06,20.09
128291,546,左手,4,小指,1,关节1(靠近手掌),-58.03,143.10,79.01
128291,546,左手,4,小指,2,关节2(中间),-50.55,149.52,61.28
128291,546,左手,4,小指,3,关节3(指尖),-42.47,164.52,43.15
128292,546,左手,0,拇指,1,关节1(靠近手掌),-101.88,129.32,129.53
128292,546,左手,0,拇指,2,关节2(中间),-129.01,158.66,112.21
128292,546,左手,0,拇指,3,关节3(指尖),-145.46,188.68,92.23
128292,546,左手,1,食指,1,关节1(靠近手掌),-109.66,162.04,68.59
128292,546,左手,1,食指,2,关节2(中间),-111.42,174.88,44.20
128292,546,左手,1,食指,3,关节3(指尖),-109.45,199.82,19.48
128292,546,左手,2,中指,1,关节1(靠近手掌),-92.56,156.30,64.95
128292,546,左手,2,中指,2,关节2(中间),-88.17,174.29,36.39
128292,546,左手,2,中指,3,关节3(指尖),-79.34,206.92,9.66
128292,546,左手,3,无名指,1,关节1(靠近手掌),-70.88,149.87,67.27
128292,546,左手,3,无名指,2,关节2(中间),-81.31,170.28,38.40
128292,546,左手,3,无名指,3,关节3(指尖),-86.76,194.37,14.30
128292,546,左手,4,小指,1,关节1(靠近手掌),-53.96,144.00,75.79
128292,546,左手,4,小指,2,关节2(中间),-45.71,150.01,58.09
128292,546,左手,4,小指,3,关节3(指尖),-36.89,164.50,39.61
128293,546,左手,0,拇指,1,关节1(靠近手掌),-99.78,132.72,125.05
128293,546,左手,0,拇指,2,关节2(中间),-127.69,161.26,106.31
128293,546,左手,0,拇指,3,关节3(指尖),-146.77,189.25,84.75
128293,546,左手,1,食指,1,关节1(靠近手掌),-105.84,165.00,63.20
128293,546,左手,1,食指,2,关节2(中间),-107.27,177.44,38.69
128293,546,左手,1,食指,3,关节3(指尖),-105.06,202.07,13.40
128293,546,左手,2,中指,1,关节1(靠近手掌),-88.63,159.04,60.05
128293,546,左手,2,中指,2,关节2(中间),-83.30,176.31,31.13
128293,546,左手,2,中指,3,关节3(指尖),-73.77,208.07,3.63
128293,546,左手,3,无名指,1,关节1(靠近手掌),-66.93,152.40,62.87
128293,546,左手,3,无名指,2,关节2(中间),-77.18,172.72,33.34
128293,546,左手,3,无名指,3,关节3(指尖),-82.82,196.66,8.71
128293,546,左手,4,小指,1,关节1(靠近手掌),-50.18,146.42,71.85
128293,546,左手,4,小指,2,关节2(中间),-41.42,151.64,54.37
128293,546,左手,4,小指,3,关节3(指尖),-31.61,165.02,35.84
128294,546,左手,0,拇指,1,关节1(靠近手掌),-97.95,135.89,120.96
128294,546,左手,0,拇指,2,关节2(中间),-126.48,163.42,100.57
128294,546,左手,0,拇指,3,关节3(指尖),-146.63,189.94,77.29
128294,546,左手,1,食指,1,关节1(靠近手掌),-101.85,167.68,58.35
128294,546,左手,1,食指,2,关节2(中间),-102.66,179.93,33.63
128294,546,左手,1,食指,3,关节3(指尖),-100.12,204.55,8.18
128294,546,左手,2,中指,1,关节1(靠近手掌),-84.59,161.57,55.76
128294,546,左手,2,中指,2,关节2(中间),-79.12,178.87,26.64
128294,546,左手,2,中指,3,关节3(指尖),-69.57,210.67,-1.52
128294,546,左手,3,无名指,1,关节1(靠近手掌),-62.88,154.82,59.12
128294,546,左手,3,无名指,2,关节2(中间),-72.73,174.94,29.37
128294,546,左手,3,无名指,3,关节3(指尖),-78.19,198.65,4.62
128294,546,左手,4,小指,1,关节1(靠近手掌),-46.38,148.74,68.72
128294,546,左手,4,小指,2,关节2(中间),-37.09,153.78,51.33
128294,546,左手,4,小指,3,关节3(指尖),-26.56,167.06,32.52
128295,546,左手,0,拇指,1,关节1(靠近手掌),-95.78,139.35,116.88
128295,546,左手,0,拇指,2,关节2(中间),-123.89,165.99,95.15
128295,546,左手,0,拇指,3,关节3(指尖),-144.36,190.92,70.88
128295,546,左手,1,食指,1,关节1(靠近手掌),-97.55,171.01,53.56
128295,546,左手,1,食指,2,关节2(中间),-97.64,182.97,28.82
128295,546,左手,1,食指,3,关节3(指尖),-94.76,206.76,3.51
128295,546,左手,2,中指,1,关节1(靠近手掌),-80.15,164.78,51.62
128295,546,左手,2,中指,2,关节2(中间),-74.16,182.07,22.17
128295,546,左手,2,中指,3,关节3(指尖),-64.36,213.46,-6.44
128295,546,左手,3,无名指,1,关节1(靠近手掌),-58.63,157.93,55.73
128295,546,左手,3,无名指,2,关节2(中间),-67.91,178.27,25.84
128295,546,左手,3,无名指,3,关节3(指尖),-73.39,201.90,1.26
128295,546,左手,4,小指,1,关节1(靠近手掌),-42.48,151.86,65.97
128295,546,左手,4,小指,2,关节2(中间),-32.57,156.45,48.28
128295,546,左手,4,小指,3,关节3(指尖),-21.09,169.61,28.84
128296,546,左手,0,拇指,1,关节1(靠近手掌),-92.83,144.14,112.83
128296,546,左手,0,拇指,2,关节2(中间),-120.72,170.40,90.29
128296,546,左手,0,拇指,3,关节3(指尖),-141.33,195.00,65.28
128296,546,左手,1,食指,1,关节1(靠近手掌),-92.84,175.04,48.80
128296,546,左手,1,食指,2,关节2(中间),-92.56,186.88,23.89
128296,546,左手,1,食指,3,关节3(指尖),-89.24,210.64,-1.34
128296,546,左手,2,中指,1,关节1(靠近手掌),-75.49,168.48,47.24
128296,546,左手,2,中指,2,关节2(中间),-69.25,185.19,17.22
128296,546,左手,2,中指,3,关节3(指尖),-59.12,215.62,-12.48
128296,546,左手,3,无名指,1,关节1(靠近手掌),-54.24,161.23,51.89
128296,546,左手,3,无名指,2,关节2(中间),-62.76,180.84,21.54
128296,546,左手,3,无名指,3,关节3(指尖),-68.01,203.58,-4.01
128296,546,左手,4,小指,1,关节1(靠近手掌),-38.38,155.03,62.44
128296,546,左手,4,小指,2,关节2(中间),-27.88,159.29,44.67
128296,546,左手,4,小指,3,关节3(指尖),-15.66,172.34,25.05
128297,546,左手,0,拇指,1,关节1(靠近手掌),-89.76,148.67,108.89
128297,546,左手,0,拇指,2,关节2(中间),-118.69,174.31,86.24
128297,546,左手,0,拇指,3,关节3(指尖),-140.82,198.25,61.17
128297,546,左手,1,食指,1,关节1(靠近手掌),-88.24,178.90,44.65
128297,546,左手,1,食指,2,关节2(中间),-87.94,190.76,19.82
128297,546,左手,1,食指,3,关节3(指尖),-84.63,214.91,-4.97
128297,546,左手,2,中指,1,关节1(靠近手掌),-70.89,172.11,43.29
128297,546,左手,2,中指,2,关节2(中间),-65.02,188.00,12.67
128297,546,左手,2,中指,3,关节3(指尖),-55.23,217.45,-18.48
128297,546,左手,3,无名指,1,关节1(靠近手掌),-49.65,164.76,48.20
128297,546,左手,3,无名指,2,关节2(中间),-58.10,183.06,17.39
128297,546,左手,3,无名指,3,关节3(指尖),-63.61,204.64,-9.31
128297,546,左手,4,小指,1,关节1(靠近手掌),-33.96,158.47,58.97
128297,546,左手,4,小指,2,关节2(中间),-22.99,162.27,41.16
128297,546,左手,4,小指,3,关节3(指尖),-9.96,174.58,21.39
128298,546,左手,0,拇指,1,关节1(靠近手掌),-86.70,153.00,104.93
128298,546,左手,0,拇指,2,关节2(中间),-115.48,178.36,82.45
128298,546,左手,0,拇指,3,关节3(指尖),-137.19,201.70,57.61
128298,546,左手,1,食指,1,关节1(靠近手掌),-84.25,182.50,40.37
128298,546,左手,1,食指,2,关节2(中间),-83.43,194.55,15.78
128298,546,左手,1,食指,3,关节3(指尖),-79.93,219.41,-7.96
128298,546,左手,2,中指,1,关节1(靠近手掌),-66.86,175.61,39.30
128298,546,左手,2,中指,2,关节2(中间),-61.29,190.89,8.21
128298,546,左手,2,中指,3,关节3(指尖),-52.01,220.07,-24.23
128298,546,左手,3,无名指,1,关节1(靠近手掌),-45.60,168.34,44.48
128298,546,左手,3,无名指,2,关节2(中间),-54.11,186.52,13.51
128298,546,左手,3,无名指,3,关节3(指尖),-59.62,207.64,-13.22
128298,546,左手,4,小指,1,关节1(靠近手掌),-30.03,162.09,55.49
128298,546,左手,4,小指,2,关节2(中间),-18.94,165.55,37.52
128298,546,左手,4,小指,3,关节3(指尖),-5.40,177.25,17.41
128299,546,左手,0,拇指,1,关节1(靠近手掌),-83.52,157.31,101.09
128299,546,左手,0,拇指,2,关节2(中间),-112.71,182.17,78.36
128299,546,左手,0,拇指,3,关节3(指尖),-135.04,204.69,53.38
128299,546,左手,1,食指,1,关节1(靠近手掌),-80.49,185.99,36.51
128299,546,左手,1,食指,2,关节2(中间),-80.53,198.22,11.82
128299,546,左手,1,食指,3,关节3(指尖),-78.58,224.06,-11.74
128299,546,左手,2,中指,1,关节1(靠近手掌),-63.21,179.12,35.53
128299,546,左手,2,中指,2,关节2(中间),-58.02,194.05,4.19
128299,546,左手,2,中指,3,关节3(指尖),-50.23,222.47,-29.75
128299,546,左手,3,无名指,1,关节1(靠近手掌),-41.80,171.92,40.75
128299,546,左手,3,无名指,2,关节2(中间),-50.14,189.09,9.68
128299,546,左手,3,无名指,3,关节3(指尖),-55.78,209.47,-17.54
128299,546,左手,4,小指,1,关节1(靠近手掌),-26.16,165.61,51.95
128299,546,左手,4,小指,2,关节2(中间),-15.28,168.83,34.16
128299,546,左手,4,小指,3,关节3(指尖),-1.75,179.68,13.88
128300,546,左手,0,拇指,1,关节1(靠近手掌),-80.06,161.51,97.22
128300,546,左手,0,拇指,2,关节2(中间),-109.35,186.47,74.58
128300,546,左手,0,拇指,3,关节3(指尖),-131.79,208.72,50.03
128300,546,左手,1,食指,1,关节1(靠近手掌),-76.97,190.27,32.69
128300,546,左手,1,食指,2,关节2(中间),-77.96,203.56,8.06
128300,546,左手,1,食指,3,关节3(指尖),-77.17,231.12,-14.69
128300,546,左手,2,中指,1,关节1(靠近手掌),-59.82,183.35,31.66
128300,546,左手,2,中指,2,关节2(中间),-56.13,198.34,0.03
128300,546,左手,2,中指,3,关节3(指尖),-50.80,225.75,-35.93
128300,546,左手,3,无名指,1,关节1(靠近手掌),-38.38,176.10,36.76
128300,546,左手,3,无名指,2,关节2(中间),-46.20,192.38,5.46
128300,546,左手,3,无名指,3,关节3(指尖),-51.56,211.88,-22.28
128300,546,左手,4,小指,1,关节1(靠近手掌),-22.70,169.63,48.09
128300,546,左手,4,小指,2,关节2(中间),-12.05,172.96,30.33
128300,546,左手,4,小指,3,关节3(指尖),1.32,183.46,9.98
128301,546,左手,0,拇指,1,关节1(靠近手掌),-76.77,164.69,93.98
128301,546,左手,0,拇指,2,关节2(中间),-106.02,189.84,71.44
128301,546,左手,0,拇指,3,关节3(指尖),-128.32,211.97,47.05
128301,546,左手,1,食指,1,关节1(靠近手掌),-74.06,193.84,29.59
128301,546,左手,1,食指,2,关节2(中间),-76.29,207.67,4.84
128301,546,左手,1,食指,3,关节3(指尖),-77.02,235.78,-18.32
128301,546,左手,2,中指,1,关节1(靠近手掌),-56.99,186.87,28.31
128301,546,左手,2,中指,2,关节2(中间),-54.59,201.83,-3.42
128301,546,左手,2,中指,3,关节3(指尖),-50.83,228.19,-40.54
128301,546,左手,3,无名指,1,关节1(靠近手掌),-35.55,179.47,33.16
128301,546,左手,3,无名指,2,关节2(中间),-43.24,195.27,1.53
128301,546,左手,3,无名指,3,关节3(指尖),-48.56,214.33,-26.81
128301,546,左手,4,小指,1,关节1(靠近手掌),-19.82,172.88,44.43
128301,546,左手,4,小指,2,关节2(中间),-9.32,176.35,26.75
128301,546,左手,4,小指,3,关节3(指尖),3.90,186.62,6.24
128302,546,左手,0,拇指,1,关节1(靠近手掌),-74.68,167.67,91.50
128302,546,左手,0,拇指,2,关节2(中间),-103.72,193.10,69.25
128302,546,左手,0,拇指,3,关节3(指尖),-126.34,215.10,45.42
128302,546,左手,1,食指,1,关节1(靠近手掌),-72.03,197.11,27.10
128302,546,左手,1,食指,2,关节2(中间),-75.09,210.37,2.00
128302,546,左手,1,食指,3,关节3(指尖),-77.10,236.94,-23.80
128302,546,左手,2,中指,1,关节1(靠近手掌),-55.08,189.96,25.67
128302,546,左手,2,中指,2,关节2(中间),-53.41,204.38,-6.28
128302,546,左手,2,中指,3,关节3(指尖),-50.74,229.03,-44.35
128302,546,左手,3,无名指,1,关节1(靠近手掌),-33.66,182.31,30.41
128302,546,左手,3,无名指,2,关节2(中间),-41.03,197.37,-1.78
128302,546,左手,3,无名指,3,关节3(指尖),-46.39,216.15,-31.01
128302,546,左手,4,小指,1,关节1(靠近手掌),-17.90,175.41,41.63
128302,546,左手,4,小指,2,关节2(中间),-7.32,179.09,23.91
128302,546,左手,4,小指,3,关节3(指尖),6.02,189.47,3.40
128303,546,左手,0,拇指,1,关节1(靠近手掌),-72.53,170.61,89.06
128303,546,左手,0,拇指,2,关节2(中间),-99.64,197.57,66.99
128303,546,左手,0,拇指,3,关节3(指尖),-119.35,221.24,43.35
128303,546,左手,1,食指,1,关节1(靠近手掌),-70.11,200.11,24.56
128303,546,左手,1,食指,2,关节2(中间),-74.58,212.72,-1.06
128303,546,左手,1,食指,3,关节3(指尖),-78.39,238.17,-28.19
128303,546,左手,2,中指,1,关节1(靠近手掌),-53.22,192.94,23.03
128303,546,左手,2,中指,2,关节2(中间),-52.16,206.68,-9.15
128303,546,左手,2,中指,3,关节3(指尖),-50.25,230.23,-47.59
128303,546,左手,3,无名指,1,关节1(靠近手掌),-31.77,185.15,27.75
128303,546,左手,3,无名指,2,关节2(中间),-38.29,199.41,-5.03
128303,546,左手,3,无名指,3,关节3(指尖),-43.38,217.79,-35.20
128303,546,左手,4,小指,1,关节1(靠近手掌),-15.90,178.24,38.99
128303,546,左手,4,小指,2,关节2(中间),-5.11,182.08,21.32
128303,546,左手,4,小指,3,关节3(指尖),8.23,192.55,1.01
128304,546,左手,0,拇指,1,关节1(靠近手掌),-69.37,173.56,85.88
128304,546,左手,0,拇指,2,关节2(中间),-94.17,202.31,63.91
128304,546,左手,0,拇指,3,关节3(指尖),-109.47,227.65,40.42
128304,546,左手,1,食指,1,关节1(靠近手掌),-67.43,202.85,21.06
128304,546,左手,1,食指,2,关节2(中间),-72.94,215.10,-4.81
128304,546,左手,1,食指,3,关节3(指尖),-77.66,240.36,-31.69
128304,546,左手,2,中指,1,关节1(靠近手掌),-50.60,195.68,19.41
128304,546,左手,2,中指,2,关节2(中间),-50.45,209.43,-12.90
128304,546,左手,2,中指,3,关节3(指尖),-49.74,233.07,-51.45
128304,546,左手,3,无名指,1,关节1(靠近手掌),-29.07,187.85,24.16
128304,546,左手,3,无名指,2,关节2(中间),-34.62,201.94,-8.79
128304,546,左手,3,无名指,3,关节3(指尖),-38.89,220.53,-39.03
128304,546,左手,4,小指,1,关节1(靠近手掌),-13.05,181.05,35.50
128304,546,左手,4,小指,2,关节2(中间),-1.99,185.00,17.94
128304,546,左手,4,小指,3,关节3(指尖),11.82,195.67,-2.04
128305,546,左手,0,拇指,1,关节1(靠近手掌),-66.22,176.41,82.83
128305,546,左手,0,拇指,2,关节2(中间),-88.97,205.94,60.19
128305,546,左手,0,拇指,3,关节3(指尖),-101.41,231.68,35.88
128305,546,左手,1,食指,1,关节1(靠近手掌),-64.78,205.21,17.60
128305,546,左手,1,食指,2,关节2(中间),-70.83,217.55,-8.50
128305,546,左手,1,食指,3,关节3(指尖),-75.86,242.83,-34.89
128305,546,左手,2,中指,1,关节1(靠近手掌),-47.99,198.00,15.93
128305,546,左手,2,中指,2,关节2(中间),-48.92,211.86,-16.15
128305,546,左手,2,中指,3,关节3(指尖),-49.70,235.75,-54.64
128305,546,左手,3,无名指,1,关节1(靠近手掌),-26.38,190.19,20.83
128305,546,左手,3,无名指,2,关节2(中间),-31.21,203.46,-12.77
128305,546,左手,3,无名指,3,关节3(指尖),-34.99,221.73,-43.86
128305,546,左手,4,小指,1,关节1(靠近手掌),-10.20,183.52,32.30
128305,546,左手,4,小指,2,关节2(中间),1.19,187.39,14.89
128305,546,左手,4,小指,3,关节3(指尖),15.46,197.91,-4.76
128306,546,左手,0,拇指,1,关节1(靠近手掌),-62.63,178.92,80.10
128306,546,左手,0,拇指,2,关节2(中间),-83.89,208.64,55.90
128306,546,左手,0,拇指,3,关节3(指尖),-94.30,234.42,29.55
128306,546,左手,1,食指,1,关节1(靠近手掌),-61.48,207.40,14.52
128306,546,左手,1,食指,2,关节2(中间),-67.90,219.92,-11.76
128306,546,左手,1,食指,3,关节3(指尖),-72.92,245.48,-37.80
128306,546,左手,2,中指,1,关节1(靠近手掌),-44.74,200.08,12.75
128306,546,左手,2,中指,2,关节2(中间),-46.58,213.91,-19.40
128306,546,左手,2,中指,3,关节3(指尖),-48.43,237.78,-58.02
128306,546,左手,3,无名指,1,关节1(靠近手掌),-23.13,192.17,17.65
128306,546,左手,3,无名指,2,关节2(中间),-27.20,204.87,-16.28
128306,546,左手,3,无名指,3,关节3(指尖),-30.27,223.09,-47.82
128306,546,左手,4,小指,1,关节1(靠近手掌),-6.84,185.58,29.14
128306,546,左手,4,小指,2,关节2(中间),4.66,189.19,11.90
128306,546,左手,4,小指,3,关节3(指尖),19.06,199.35,-7.74
128307,546,左手,0,拇指,1,关节1(靠近手掌),-58.91,181.73,77.49
128307,546,左手,0,拇指,2,关节2(中间),-79.19,211.20,51.86
128307,546,左手,0,拇指,3,关节3(指尖),-88.19,236.73,23.80
128307,546,左手,1,食指,1,关节1(靠近手掌),-58.01,209.55,11.53
128307,546,左手,1,食指,2,关节2(中间),-64.38,222.22,-14.98
128307,546,左手,1,食指,3,关节3(指尖),-68.87,247.93,-40.73
128307,546,左手,2,中指,1,关节1(靠近手掌),-41.34,202.07,9.69
128307,546,左手,2,中指,2,关节2(中间),-43.31,215.86,-22.54
128307,546,左手,2,中指,3,关节3(指尖),-45.10,239.50,-61.21
128307,546,左手,3,无名指,1,关节1(靠近手掌),-19.73,194.01,14.50
128307,546,左手,3,无名指,2,关节2(中间),-23.52,206.06,-19.68
128307,546,左手,3,无名指,3,关节3(指尖),-26.29,224.00,-51.83
128307,546,左手,4,小指,1,关节1(靠近手掌),-3.34,187.42,25.96
128307,546,左手,4,小指,2,关节2(中间),8.21,190.67,8.87
128307,546,左手,4,小指,3,关节3(指尖),22.87,200.29,-10.61
128308,546,左手,0,拇指,1,关节1(靠近手掌),-54.91,184.09,74.48
128308,546,左手,0,拇指,2,关节2(中间),-74.60,213.02,47.44
128308,546,左手,0,拇指,3,关节3(指尖),-82.95,238.04,17.65
128308,546,左手,1,食指,1,关节1(靠近手掌),-54.15,211.08,8.03
128308,546,左手,1,食指,2,关节2(中间),-60.65,223.71,-18.79
128308,546,左手,1,食指,3,关节3(指尖),-65.20,249.22,-45.02
128308,546,左手,2,中指,1,关节1(靠近手掌),-37.57,203.49,6.20
128308,546,左手,2,中指,2,关节2(中间),-39.46,217.37,-26.10
128308,546,左手,2,中指,3,关节3(指尖),-40.95,241.10,-64.66
128308,546,左手,3,无名指,1,关节1(靠近手掌),-15.98,195.36,11.00
128308,546,左手,3,无名指,2,关节2(中间),-19.75,207.00,-23.35
128308,546,左手,3,无名指,3,关节3(指尖),-22.53,224.76,-55.86
128308,546,左手,4,小指,1,关节1(靠近手掌),0.47,188.85,22.47
128308,546,左手,4,小指,2,关节2(中间),11.97,191.77,5.33
128308,546,左手,4,小指,3,关节3(指尖),26.57,200.66,-14.20
128309,546,左手,0,拇指,1,关节1(靠近手掌),-51.31,184.94,71.68
128309,546,左手,0,拇指,2,关节2(中间),-70.62,213.30,43.12
128309,546,左手,0,拇指,3,关节3(指尖),-79.27,236.95,12.30
128309,546,左手,1,食指,1,关节1(靠近手掌),-50.30,211.40,4.55
128309,546,左手,1,食指,2,关节2(中间),-57.44,223.60,-22.56
128309,546,左手,1,食指,3,关节3(指尖),-63.39,247.89,-50.06
128309,546,左手,2,中指,1,关节1(靠近手掌),-33.84,203.73,2.97
128309,546,左手,2,中指,2,关节2(中间),-34.97,217.37,-29.42
128309,546,左手,2,中指,3,关节3(指尖),-35.26,241.41,-67.60
128309,546,左手,3,无名指,1,关节1(靠近手掌),-12.36,195.63,8.13
128309,546,左手,3,无名指,2,关节2(中间),-16.37,207.29,-26.49
128309,546,左手,3,无名指,3,关节3(指尖),-19.68,224.85,-59.00
128309,546,左手,4,小指,1,关节1(靠近手掌),4.09,189.30,19.69
128309,546,左手,4,小指,2,关节2(中间),15.50,191.93,2.47
128309,546,左手,4,小指,3,关节3(指尖),29.89,200.43,-17.18
128310,546,左手,0,拇指,1,关节1(靠近手掌),-48.58,186.27,69.76
128310,546,左手,0,拇指,2,关节2(中间),-67.51,213.72,39.20
128310,546,左手,0,拇指,3,关节3(指尖),-76.73,236.30,6.32
128310,546,左手,1,食指,1,关节1(靠近手掌),-47.05,212.27,2.39
128310,546,左手,1,食指,2,关节2(中间),-54.33,224.32,-24.91
128310,546,左手,1,食指,3,关节3(指尖),-60.08,248.20,-53.23
128310,546,左手,2,中指,1,关节1(靠近手掌),-30.81,204.30,0.79
128310,546,左手,2,中指,2,关节2(中间),-31.97,217.56,-31.47
128310,546,左手,2,中指,3,关节3(指尖),-31.88,241.75,-69.66
128310,546,左手,3,无名指,1,关节1(靠近手掌),-9.62,195.71,6.04
128310,546,左手,3,无名指,2,关节2(中间),-14.04,207.11,-29.07
128310,546,左手,3,无名指,3,关节3(指尖),-17.70,224.31,-61.96
128310,546,左手,4,小指,1,关节1(靠近手掌),6.76,189.05,17.63
128310,546,左手,4,小指,2,关节2(中间),18.17,191.30,0.11
128310,546,左手,4,小指,3,关节3(指尖),32.66,200.15,-19.44
128311,546,左手,0,拇指,1,关节1(靠近手掌),-46.24,187.37,68.16
128311,546,左手,0,拇指,2,关节2(中间),-65.31,213.82,36.57
128311,546,左手,0,拇指,3,关节3(指尖),-76.19,235.36,2.70
128311,546,左手,1,食指,1,关节1(靠近手掌),-44.41,213.01,0.45
128311,546,左手,1,食指,2,关节2(中间),-51.03,225.38,-26.92
128311,546,左手,1,食指,3,关节3(指尖),-55.35,249.83,-54.65
128311,546,左手,2,中指,1,关节1(靠近手掌),-28.25,204.82,-1.18
128311,546,左手,2,中指,2,关节2(中间),-30.00,217.78,-33.59
128311,546,左手,2,中指,3,关节3(指尖),-30.99,241.43,-72.17
128311,546,左手,3,无名指,1,关节1(靠近手掌),-7.24,196.01,4.07
128311,546,左手,3,无名指,2,关节2(中间),-11.82,207.16,-31.17
128311,546,左手,3,无名指,3,关节3(指尖),-15.65,223.90,-64.17
128311,546,左手,4,小指,1,关节1(靠近手掌),9.06,189.27,15.65
128311,546,左手,4,小指,2,关节2(中间),20.46,191.28,-2.19
128311,546,左手,4,小指,3,关节3(指尖),35.00,200.09,-21.88
128312,546,左手,0,拇指,1,关节1(靠近手掌),-44.39,187.87,66.31
128312,546,左手,0,拇指,2,关节2(中间),-64.02,213.56,34.30
128312,546,左手,0,拇指,3,关节3(指尖),-76.29,234.60,0.08
128312,546,左手,1,食指,1,关节1(靠近手掌),-42.56,213.27,-1.75
128312,546,左手,1,食指,2,关节2(中间),-49.51,225.66,-29.40
128312,546,左手,1,食指,3,关节3(指尖),-54.31,250.11,-57.24
128312,546,左手,2,中指,1,关节1(靠近手掌),-26.40,204.92,-3.45
128312,546,左手,2,中指,2,关节2(中间),-28.44,218.02,-35.90
128312,546,左手,2,中指,3,关节3(指尖),-29.67,242.33,-74.20
128312,546,左手,3,无名指,1,关节1(靠近手掌),-5.43,196.09,1.74
128312,546,左手,3,无名指,2,关节2(中间),-10.16,207.09,-33.66
128312,546,左手,3,无名指,3,关节3(指尖),-14.22,223.94,-66.91
128312,546,左手,4,小指,1,关节1(靠近手掌),10.84,189.41,13.26
128312,546,左手,4,小指,2,关节2(中间),22.34,191.45,-4.71
128312,546,左手,4,小指,3,关节3(指尖),36.96,200.51,-24.05
128313,546,左手,0,拇指,1,关节1(靠近手掌),-43.08,188.01,64.40
128313,546,左手,0,拇指,2,关节2(中间),-63.35,213.52,32.66
128313,546,左手,0,拇指,3,关节3(指尖),-76.56,234.58,-0.59
128313,546,左手,1,食指,1,关节1(靠近手掌),-41.28,212.85,-3.90
128313,546,左手,1,食指,2,关节2(中间),-48.59,225.03,-31.59
128313,546,左手,1,食指,3,关节3(指尖),-53.91,249.41,-59.97
128313,546,左手,2,中指,1,关节1(靠近手掌),-25.05,204.53,-5.54
128313,546,左手,2,中指,2,关节2(中间),-26.31,217.53,-38.19
128313,546,左手,2,中指,3,关节3(指尖),-25.95,242.73,-76.16
128313,546,左手,3,无名指,1,关节1(靠近手掌),-4.05,195.87,-0.27
128313,546,左手,3,无名指,2,关节2(中间),-9.38,206.87,-35.79
128313,546,左手,3,无名指,3,关节3(指尖),-13.98,223.95,-69.00
128313,546,左手,4,小指,1,关节1(靠近手掌),12.22,189.32,11.30
128313,546,左手,4,小指,2,关节2(中间),23.81,191.24,-6.65
128313,546,左手,4,小指,3,关节3(指尖),38.76,200.47,-25.99
128314,546,左手,0,拇指,1,关节1(靠近手掌),-42.28,188.68,63.24
128314,546,左手,0,拇指,2,关节2(中间),-63.68,214.27,33.24
128314,546,左手,0,拇指,3,关节3(指尖),-78.72,235.36,2.76
128314,546,左手,1,食指,1,关节1(靠近手掌),-40.77,212.89,-5.49
128314,546,左手,1,食指,2,关节2(中间),-47.81,224.89,-33.28
128314,546,左手,1,食指,3,关节3(指尖),-53.10,248.64,-62.21
128314,546,左手,2,中指,1,关节1(靠近手掌),-24.36,204.62,-7.08
128314,546,左手,2,中指,2,关节2(中间),-24.68,216.34,-40.52
128314,546,左手,2,中指,3,关节3(指尖),-22.91,240.26,-79.64
128314,546,左手,3,无名指,1,关节1(靠近手掌),-3.31,196.16,-1.72
128314,546,左手,3,无名指,2,关节2(中间),-8.85,206.87,-37.40
128314,546,左手,3,无名指,3,关节3(指尖),-13.55,224.16,-70.25
128314,546,左手,4,小指,1,关节1(靠近手掌),12.99,189.80,9.89
128314,546,左手,4,小指,2,关节2(中间),24.51,191.67,-8.19
128314,546,左手,4,小指,3,关节3(指尖),39.38,201.63,-28.05
128315,546,左手,0,拇指,1,关节1(靠近手掌),-41.45,189.29,62.57
128315,546,左手,0,拇指,2,关节2(中间),-63.28,215.36,33.44
128315,546,左手,0,拇指,3,关节3(指尖),-78.55,236.77,4.36
128315,546,左手,1,食指,1,关节1(靠近手掌),-40.10,212.75,-6.64
128315,546,左手,1,食指,2,关节2(中间),-46.95,224.71,-34.60
128315,546,左手,1,食指,3,关节3(指尖),-52.13,248.68,-63.23
128315,546,左手,2,中指,1,关节1(靠近手掌),-23.57,204.57,-8.10
128315,546,左手,2,中指,2,关节2(中间),-23.65,215.46,-41.92
128315,546,左手,2,中指,3,关节3(指尖),-21.81,238.53,-81.83
128315,546,左手,3,无名指,1,关节1(靠近手掌),-2.48,196.32,-2.55
128315,546,左手,3,无名指,2,关节2(中间),-7.50,207.12,-38.22
128315,546,左手,3,无名指,3,关节3(指尖),-11.72,224.51,-70.35
128315,546,左手,4,小指,1,关节1(靠近手掌),13.85,190.19,9.15
128315,546,左手,4,小指,2,关节2(中间),25.33,191.97,-8.97
128315,546,左手,4,小指,3,关节3(指尖),39.98,201.95,-29.18
128316,546,左手,0,拇指,1,关节1(靠近手掌),-39.96,189.87,61.39
128316,546,左手,0,拇指,2,关节2(中间),-61.69,216.34,32.35
128316,546,左手,0,拇指,3,关节3(指尖),-76.83,238.54,3.33
128316,546,左手,1,食指,1,关节1(靠近手掌),-38.53,213.24,-7.99
128316,546,左手,1,食指,2,关节2(中间),-45.40,225.17,-36.10
128316,546,左手,1,食指,3,关节3(指尖),-50.75,249.04,-64.90
128316,546,左手,2,中指,1,关节1(靠近手掌),-21.93,205.14,-9.38
128316,546,左手,2,中指,2,关节2(中间),-21.54,215.82,-43.39
128316,546,左手,2,中指,3,关节3(指尖),-19.14,238.56,-83.47
128316,546,左手,3,无名指,1,关节1(靠近手掌),-0.82,196.98,-3.72
128316,546,左手,3,无名指,2,关节2(中间),-5.25,207.59,-39.40
128316,546,左手,3,无名指,3,关节3(指尖),-9.01,225.10,-71.59
128316,546,左手,4,小指,1,关节1(靠近手掌),15.54,191.13,8.06
128316,546,左手,4,小指,2,关节2(中间),27.01,192.66,-9.94
128316,546,左手,4,小指,3,关节3(指尖),41.72,202.44,-30.43
128317,546,左手,0,拇指,1,关节1(靠近手掌),-38.22,190.42,59.89
128317,546,左手,0,拇指,2,关节2(中间),-59.68,217.11,30.61
128317,546,左手,0,拇指,3,关节3(指尖),-74.44,239.81,1.02
128317,546,左手,1,食指,1,关节1(靠近手掌),-36.51,213.79,-9.61
128317,546,左手,1,食指,2,关节2(中间),-43.36,225.73,-37.81
128317,546,左手,1,食指,3,关节3(指尖),-48.65,249.64,-66.79
128317,546,左手,2,中指,1,关节1(靠近手掌),-19.89,205.75,-10.91
128317,546,左手,2,中指,2,关节2(中间),-19.31,216.27,-45.20
128317,546,左手,2,中指,3,关节3(指尖),-16.81,238.58,-85.49
128317,546,左手,3,无名指,1,关节1(靠近手掌),1.23,197.68,-5.16
128317,546,左手,3,无名指,2,关节2(中间),-2.67,208.13,-40.82
128317,546,左手,3,无名指,3,关节3(指尖),-6.00,225.83,-73.09
128317,546,左手,4,小指,1,关节1(靠近手掌),17.61,191.96,6.69
128317,546,左手,4,小指,2,关节2(中间),29.06,193.29,-11.01
128317,546,左手,4,小指,3,关节3(指尖),43.79,202.48,-31.58
128318,546,左手,0,拇指,1,关节1(靠近手掌),-36.18,190.87,58.21
128318,546,左手,0,拇指,2,关节2(中间),-57.54,217.57,28.25
128318,546,左手,0,拇指,3,关节3(指尖),-72.02,240.29,-2.26
128318,546,左手,1,食指,1,关节1(靠近手掌),-34.24,214.18,-11.42
128318,546,左手,1,食指,2,关节2(中间),-40.82,226.16,-39.67
128318,546,左手,1,食指,3,关节3(指尖),-45.68,250.16,-68.66
128318,546,左手,2,中指,1,关节1(靠近手掌),-17.63,206.18,-12.62
128318,546,左手,2,中指,2,关节2(中间),-16.82,216.65,-46.99
128318,546,左手,2,中指,3,关节3(指尖),-14.14,238.78,-87.45
128318,546,左手,3,无名指,1,关节1(靠近手掌),3.51,198.16,-6.78
128318,546,左手,3,无名指,2,关节2(中间),-0.06,208.33,-42.45
128318,546,左手,3,无名指,3,关节3(指尖),-3.04,226.10,-74.90
128318,546,左手,4,小指,1,关节1(靠近手掌),19.90,192.46,5.17
128318,546,左手,4,小指,2,关节2(中间),31.39,193.74,-12.42
128318,546,左手,4,小指,3,关节3(指尖),46.28,202.78,-32.87
128319,546,左手,0,拇指,1,关节1(靠近手掌),-34.13,191.03,56.83
128319,546,左手,0,拇指,2,关节2(中间),-55.47,217.58,26.40
128319,546,左手,0,拇指,3,关节3(指尖),-69.62,240.25,-4.69
128319,546,左手,1,食指,1,关节1(靠近手掌),-31.97,214.37,-12.86
128319,546,左手,1,食指,2,关节2(中间),-38.14,226.41,-41.23
128319,546,左手,1,食指,3,关节3(指尖),-42.44,250.48,-70.44
128319,546,左手,2,中指,1,关节1(靠近手掌),-15.41,206.35,-14.03
128319,546,左手,2,中指,2,关节2(中间),-14.57,216.79,-48.40
128319,546,左手,2,中指,3,关节3(指尖),-11.90,238.81,-88.94
128319,546,左手,3,无名指,1,关节1(靠近手掌),5.71,198.30,-8.12
128319,546,左手,3,无名指,2,关节2(中间),2.45,208.12,-43.85
128319,546,左手,3,无名指,3,关节3(指尖),-0.09,225.90,-76.59
128319,546,左手,4,小指,1,关节1(靠近手掌),22.08,192.54,3.90
128319,546,左手,4,小指,2,关节2(中间),33.70,193.91,-13.64
128319,546,左手,4,小指,3,关节3(指尖),48.73,203.44,-33.65
128320,546,左手,0,拇指,1,关节1(靠近手掌),-32.23,190.86,55.44
128320,546,左手,0,拇指,2,关节2(中间),-53.59,217.18,24.52
128320,546,左手,0,拇指,3,关节3(指尖),-67.56,239.77,-7.01
128320,546,左手,1,食指,1,关节1(靠近手掌),-29.64,214.35,-14.27
128320,546,左手,1,食指,2,关节2(中间),-35.67,226.74,-42.70
128320,546,左手,1,食指,3,关节3(指尖),-39.76,251.36,-71.89
128320,546,左手,2,中指,1,关节1(靠近手掌),-13.14,206.23,-15.39
128320,546,左手,2,中指,2,关节2(中间),-11.94,216.71,-49.70
128320,546,左手,2,中指,3,关节3(指尖),-8.71,239.00,-90.23
128320,546,左手,3,无名指,1,关节1(靠近手掌),7.92,198.10,-9.42
128320,546,左手,3,无名指,2,关节2(中间),4.94,207.87,-45.17
128320,546,左手,3,无名指,3,关节3(指尖),2.85,225.77,-77.91
128320,546,左手,4,小指,1,关节1(靠近手掌),24.22,192.20,2.72
128320,546,左手,4,小指,2,关节2(中间),35.96,193.74,-14.68
128320,546,左手,4,小指,3,关节3(指尖),51.15,203.59,-34.14
128321,546,左手,0,拇指,1,关节1(靠近手掌),-30.58,190.42,54.28
128321,546,左手,0,拇指,2,关节2(中间),-51.78,216.39,22.69
128321,546,左手,0,拇指,3,关节3(指尖),-65.42,238.83,-9.69
128321,546,左手,1,食指,1,关节1(靠近手掌),-27.38,214.08,-15.37
128321,546,左手,1,食指,2,关节2(中间),-33.10,226.80,-43.84
128321,546,左手,1,食指,3,关节3(指尖),-36.76,251.88,-72.96
128321,546,左手,2,中指,1,关节1(靠近手掌),-10.94,205.88,-16.43
128321,546,左手,2,中指,2,关节2(中间),-9.28,216.47,-50.65
128321,546,左手,2,中指,3,关节3(指尖),-5.38,239.18,-91.10
128321,546,左手,3,无名指,1,关节1(靠近手掌),10.08,197.65,-10.37
128321,546,左手,3,无名指,2,关节2(中间),7.32,207.51,-46.06
128321,546,左手,3,无名指,3,关节3(指尖),5.62,225.87,-78.63
128321,546,左手,4,小指,1,关节1(靠近手掌),26.28,191.65,1.88
128321,546,左手,4,小指,2,关节2(中间),38.12,193.28,-15.37
128321,546,左手,4,小指,3,关节3(指尖),53.44,203.30,-34.40
128322,546,左手,0,拇指,1,关节1(靠近手掌),-29.34,189.91,53.59
128322,546,左手,0,拇指,2,关节2(中间),-50.12,215.71,21.56
128322,546,左手,0,拇指,3,关节3(指尖),-63.24,238.03,-11.31
128322,546,左手,1,食指,1,关节1(靠近手掌),-25.15,213.91,-15.98
128322,546,左手,1,食指,2,关节2(中间),-30.40,226.84,-44.47
128322,546,左手,1,食指,3,关节3(指尖),-33.48,252.11,-73.52
128322,546,左手,2,中指,1,关节1(靠近手掌),-8.75,205.52,-16.97
128322,546,左手,2,中指,2,关节2(中间),-6.40,216.05,-51.12
128322,546,左手,2,中指,3,关节3(指尖),-1.29,239.24,-91.44
128322,546,左手,3,无名指,1,关节1(靠近手掌),12.09,197.10,-10.73
128322,546,左手,3,无名指,2,关节2(中间),9.64,207.47,-46.32
128322,546,左手,3,无名指,3,关节3(指尖),8.43,226.60,-78.44
128322,546,左手,4,小指,1,关节1(靠近手掌),28.10,190.89,1.64
128322,546,左手,4,小指,2,关节2(中间),40.22,192.64,-15.49
128322,546,左手,4,小指,3,关节3(指尖),56.02,203.01,-34.00
128323,546,左手,0,拇指,1,关节1(靠近手掌),-28.17,189.45,53.10
128323,546,左手,0,拇指,2,关节2(中间),-48.69,215.20,20.93
128323,546,左手,0,拇指,3,关节3(指尖),-61.53,237.46,-12.17
128323,546,左手,1,食指,1,关节1(靠近手掌),-23.27,213.66,-16.35
128323,546,左手,1,食指,2,关节2(中间),-27.94,226.67,-44.82
128323,546,左手,1,食指,3,关节3(指尖),-30.34,252.01,-73.75
128323,546,左手,2,中指,1,关节1(靠近手掌),-6.90,205.20,-17.26
128323,546,左手,2,中指,2,关节2(中间),-4.08,215.81,-51.32
128323,546,左手,2,中指,3,关节3(指尖),1.79,239.50,-91.47
128323,546,左手,3,无名指,1,关节1(靠近手掌),13.86,196.64,-10.89
128323,546,左手,3,无名指,2,关节2(中间),11.45,207.62,-46.45
128323,546,左手,3,无名指,3,关节3(指尖),10.42,227.20,-78.15
128323,546,左手,4,小指,1,关节1(靠近手掌),29.74,190.30,1.60
128323,546,左手,4,小指,2,关节2(中间),41.99,192.07,-15.52
128323,546,左手,4,小指,3,关节3(指尖),57.78,202.58,-33.77
128324,546,左手,0,拇指,1,关节1(靠近手掌),-26.86,189.16,52.72
128324,546,左手,0,拇指,2,关节2(中间),-47.13,215.01,20.57
128324,546,左手,0,拇指,3,关节3(指尖),-59.79,237.30,-12.65
128324,546,左手,1,食指,1,关节1(靠近手掌),-21.21,213.71,-16.63
128324,546,左手,1,食指,2,关节2(中间),-25.49,226.87,-45.11
128324,546,左手,1,食指,3,关节3(指尖),-27.48,252.51,-73.99
128324,546,左手,2,中指,1,关节1(靠近手掌),-4.92,205.20,-17.50
128324,546,左手,2,中指,2,关节2(中间),-1.27,216.15,-51.51
128324,546,左手,2,中指,3,关节3(指尖),5.78,240.51,-91.25
128324,546,左手,3,无名指,1,关节1(靠近手掌),15.72,196.47,-11.04
128324,546,左手,3,无名指,2,关节2(中间),13.40,207.96,-46.59
128324,546,左手,3,无名指,3,关节3(指尖),12.59,227.83,-77.96
128324,546,左手,4,小指,1,关节1(靠近手掌),31.48,190.02,1.51
128324,546,左手,4,小指,2,关节2(中间),43.91,191.73,-15.56
128324,546,左手,4,小指,3,关节3(指尖),59.88,202.20,-33.54
128325,546,左手,0,拇指,1,关节1(靠近手掌),-25.84,188.87,52.32
128325,546,左手,0,拇指,2,关节2(中间),-46.00,215.01,20.27
128325,546,左手,0,拇指,3,关节3(指尖),-58.75,237.43,-12.81
128325,546,左手,1,食指,1,关节1(靠近手掌),-19.48,213.97,-16.99
128325,546,左手,1,食指,2,关节2(中间),-23.43,227.38,-45.49
128325,546,左手,1,食指,3,关节3(指尖),-25.06,253.50,-74.29
128325,546,左手,2,中指,1,关节1(靠近手掌),-3.20,205.51,-17.81
128325,546,左手,2,中指,2,关节2(中间),1.04,216.71,-51.90
128325,546,左手,2,中指,3,关节3(指尖),8.84,241.44,-91.61
128325,546,左手,3,无名指,1,关节1(靠近手掌),17.32,196.64,-11.29
128325,546,左手,3,无名指,2,关节2(中间),15.19,208.93,-46.80
128325,546,左手,3,无名指,3,关节3(指尖),14.60,229.21,-77.95
128325,546,左手,4,小指,1,关节1(靠近手掌),32.97,190.10,1.31
128325,546,左手,4,小指,2,关节2(中间),45.53,191.80,-15.82
128325,546,左手,4,小指,3,关节3(指尖),61.65,202.17,-33.86
128326,546,左手,0,拇指,1,关节1(靠近手掌),-24.85,188.99,51.88
128326,546,左手,0,拇指,2,关节2(中间),-44.77,215.09,19.76
128326,546,左手,0,拇指,3,关节3(指尖),-57.61,237.52,-13.42
128326,546,左手,1,食指,1,关节1(靠近手掌),-17.91,214.51,-17.39
128326,546,左手,1,食指,2,关节2(中间),-21.59,228.20,-45.97
128326,546,左手,1,食指,3,关节3(指尖),-22.82,254.76,-74.70
128326,546,左手,2,中指,1,关节1(靠近手掌),-1.69,206.06,-18.19
128326,546,左手,2,中指,2,关节2(中间),2.94,217.35,-52.43
128326,546,左手,2,中指,3,关节3(指尖),11.33,242.23,-92.20
128326,546,左手,3,无名指,1,关节1(靠近手掌),18.71,197.11,-11.59
128326,546,左手,3,无名指,2,关节2(中间),16.79,209.73,-47.10
128326,546,左手,3,无名指,3,关节3(指尖),16.37,230.24,-78.22
128326,546,左手,4,小指,1,关节1(靠近手掌),34.26,190.49,1.05
128326,546,左手,4,小指,2,关节2(中间),46.96,192.15,-16.08
128326,546,左手,4,小指,3,关节3(指尖),63.33,202.34,-34.15
128327,546,左手,0,拇指,1,关节1(靠近手掌),-24.01,189.44,51.26
128327,546,左手,0,拇指,2,关节2(中间),-43.76,215.63,19.14
128327,546,左手,0,拇指,3,关节3(指尖),-56.73,238.08,-13.95
128327,546,左手,1,食指,1,关节1(靠近手掌),-16.56,215.44,-17.99
128327,546,左手,1,食指,2,关节2(中间),-20.00,229.30,-46.63
128327,546,左手,1,食指,3,关节3(指尖),-20.89,256.02,-75.37
128327,546,左手,2,中指,1,关节1(靠近手掌),-0.42,206.96,-18.77
128327,546,左手,2,中指,2,关节2(中间),4.52,218.25,-53.14
128327,546,左手,2,中指,3,关节3(指尖),13.32,243.00,-93.12
128327,546,左手,3,无名指,1,关节1(靠近手掌),19.82,197.88,-12.16
128327,546,左手,3,无名指,2,关节2(中间),18.18,210.84,-47.59
128327,546,左手,3,无名指,3,关节3(指尖),18.02,231.53,-78.57
128327,546,左手,4,小指,1,关节1(靠近手掌),35.29,191.17,0.48
128327,546,左手,4,小指,2,关节2(中间),48.05,192.84,-16.66
128327,546,左手,4,小指,3,关节3(指尖),64.51,203.03,-34.72
128328,546,左手,0,拇指,1,关节1(靠近手掌),-23.29,190.25,50.36
128328,546,左手,0,拇指,2,关节2(中间),-42.74,216.47,18.14
128328,546,左手,0,拇指,3,关节3(指尖),-55.52,238.87,-15.01
128328,546,左手,1,食指,1,关节1(靠近手掌),-15.56,216.61,-18.89
128328,546,左手,1,食指,2,关节2(中间),-18.79,230.81,-47.56
128328,546,左手,1,食指,3,关节3(指尖),-19.43,258.05,-76.13
128328,546,左手,2,中指,1,关节1(靠近手掌),0.54,208.09,-19.67
128328,546,左手,2,中指,2,关节2(中间),5.58,219.35,-54.10
128328,546,左手,2,中指,3,关节3(指尖),14.52,244.06,-94.17
128328,546,左手,3,无名指,1,关节1(靠近手掌),20.67,198.93,-13.03
128328,546,左手,3,无名指,2,关节2(中间),19.22,211.98,-48.45
128328,546,左手,3,无名指,3,关节3(指尖),19.27,232.65,-79.48
128328,546,左手,4,小指,1,关节1(靠近手掌),36.07,192.13,-0.40
128328,546,左手,4,小指,2,关节2(中间),48.91,193.83,-17.56
128328,546,左手,4,小指,3,关节3(指尖),65.41,204.04,-35.65
128329,546,左手,0,拇指,1,关节1(靠近手掌),-22.61,191.44,49.09
128329,546,左手,0,拇指,2,关节2(中间),-41.82,217.59,16.65
128329,546,左手,0,拇指,3,关节3(指尖),-54.44,239.86,-16.69
128329,546,左手,1,食指,1,关节1(靠近手掌),-14.60,218.00,-20.17
128329,546,左手,1,食指,2,关节2(中间),-17.72,232.39,-48.93
128329,546,左手,1,食指,3,关节3(指尖),-18.25,259.93,-77.40
128329,546,左手,2,中指,1,关节1(靠近手掌),1.45,209.53,-20.95
128329,546,左手,2,中指,2,关节2(中间),6.53,220.94,-55.43
128329,546,左手,2,中指,3,关节3(指尖),15.40,245.53,-95.51
128329,546,左手,3,无名指,1,关节1(靠近手掌),21.50,200.34,-14.30
128329,546,左手,3,无名指,2,关节2(中间),20.17,213.37,-49.70
128329,546,左手,3,无名指,3,关节3(指尖),20.35,233.91,-80.75
128329,546,左手,4,小指,1,关节1(靠近手掌),36.83,193.48,-1.64
128329,546,左手,4,小指,2,关节2(中间),49.70,195.18,-18.81
128329,546,左手,4,小指,3,关节3(指尖),66.20,205.20,-36.95
128330,546,左手,0,拇指,1,关节1(靠近手掌),-22.22,192.91,47.68
128330,546,左手,0,拇指,2,关节2(中间),-41.28,218.98,15.05
128330,546,左手,0,拇指,3,关节3(指尖),-53.84,241.01,-18.37
128330,546,左手,1,食指,1,关节1(靠近手掌),-13.92,219.52,-21.68
128330,546,左手,1,食指,2,关节2(中间),-16.81,234.02,-50.56
128330,546,左手,1,食指,3,关节3(指尖),-17.05,261.78,-78.90
128330,546,左手,2,中指,1,关节1(靠近手掌),2.03,211.06,-22.44
128330,546,左手,2,中指,2,关节2(中间),7.18,222.52,-57.00
128330,546,左手,2,中指,3,关节3(指尖),16.08,247.15,-97.00
128330,546,左手,3,无名指,1,关节1(靠近手掌),21.97,201.85,-15.77
128330,546,左手,3,无名指,2,关节2(中间),20.89,214.89,-51.14
128330,546,左手,3,无名指,3,关节3(指尖),21.31,235.35,-82.02
128330,546,左手,4,小指,1,关节1(靠近手掌),37.21,194.93,-3.08
128330,546,左手,4,小指,2,关节2(中间),50.14,196.67,-20.34
128330,546,左手,4,小指,3,关节3(指尖),66.60,206.72,-38.52
128331,546,左手,0,拇指,1,关节1(靠近手掌),-21.96,194.66,46.10
128331,546,左手,0,拇指,2,关节2(中间),-40.80,220.62,13.16
128331,546,左手,0,拇指,3,关节3(指尖),-53.23,242.46,-20.63
128331,546,左手,1,食指,1,关节1(靠近手掌),-13.39,221.40,-23.31
128331,546,左手,1,食指,2,关节2(中间),-16.22,235.91,-52.33
128331,546,左手,1,食指,3,关节3(指尖),-16.49,263.63,-80.84
128331,546,左手,2,中指,1,关节1(靠近手掌),2.50,212.96,-24.07
128331,546,左手,2,中指,2,关节2(中间),7.64,224.40,-58.77
128331,546,左手,2,中指,3,关节3(指尖),16.55,248.97,-98.80
128331,546,左手,3,无名指,1,关节1(靠近手掌),22.33,203.70,-17.38
128331,546,左手,3,无名指,2,关节2(中间),21.57,216.72,-52.72
128331,546,左手,3,无名指,3,关节3(指尖),22.44,237.06,-83.47
128331,546,左手,4,小指,1,关节1(靠近手掌),37.49,196.74,-4.69
128331,546,左手,4,小指,2,关节2(中间),50.47,198.44,-22.05
128331,546,左手,4,小指,3,关节3(指尖),66.93,208.36,-40.38
128332,546,左手,0,拇指,1,关节1(靠近手掌),-21.75,196.39,44.37
128332,546,左手,0,拇指,2,关节2(中间),-40.43,222.33,11.27
128332,546,左手,0,拇指,3,关节3(指尖),-52.76,244.13,-22.62
128332,546,左手,1,食指,1,关节1(靠近手掌),-12.88,223.29,-25.12
128332,546,左手,1,食指,2,关节2(中间),-15.62,237.78,-54.23
128332,546,左手,1,食指,3,关节3(指尖),-15.98,265.40,-82.98
128332,546,左手,2,中指,1,关节1(靠近手掌),2.94,214.87,-25.85
128332,546,左手,2,中指,2,关节2(中间),8.19,226.28,-60.63
128332,546,左手,2,中指,3,关节3(指尖),17.18,250.65,-100.66
128332,546,左手,3,无名指,1,关节1(靠近手掌),22.66,205.59,-19.14
128332,546,左手,3,无名指,2,关节2(中间),22.21,218.63,-54.40
128332,546,左手,3,无名指,3,关节3(指尖),23.38,238.94,-84.79
128332,546,左手,4,小指,1,关节1(靠近手掌),37.71,198.59,-6.41
128332,546,左手,4,小指,2,关节2(中间),50.68,200.26,-23.91
128332,546,左手,4,小指,3,关节3(指尖),67.01,210.04,-42.39
128333,546,左手,0,拇指,1,关节1(靠近手掌),-21.72,198.40,42.16
128333,546,左手,0,拇指,2,关节2(中间),-40.04,224.28,8.78
128333,546,左手,0,拇指,3,关节3(指尖),-52.06,245.98,-25.51
128333,546,左手,1,食指,1,关节1(靠近手掌),-12.77,225.33,-27.40
128333,546,左手,1,食指,2,关节2(中间),-15.53,239.82,-56.62
128333,546,左手,1,食指,3,关节3(指尖),-15.88,267.47,-85.34
128333,546,左手,2,中指,1,关节1(靠近手掌),3.00,216.91,-28.14
128333,546,左手,2,中指,2,关节2(中间),8.17,228.26,-63.04
128333,546,左手,2,中指,3,关节3(指尖),17.05,252.61,-103.06
128333,546,左手,3,无名指,1,关节1(靠近手掌),22.67,207.58,-21.44
128333,546,左手,3,无名指,2,关节2(中间),22.50,220.61,-56.60
128333,546,左手,3,无名指,3,关节3(指尖),24.07,240.95,-86.72
128333,546,左手,4,小指,1,关节1(靠近手掌),37.65,200.48,-8.69
128333,546,左手,4,小指,2,关节2(中间),50.63,202.16,-26.30
128333,546,左手,4,小指,3,关节3(指尖),66.86,211.98,-44.83
128334,546,左手,0,拇指,1,关节1(靠近手掌),-21.90,200.58,39.93
128334,546,左手,0,拇指,2,关节2(中间),-40.22,226.30,6.46
128334,546,左手,0,拇指,3,关节3(指尖),-52.34,247.83,-27.80
128334,546,左手,1,食指,1,关节1(靠近手掌),-12.98,227.56,-29.72
128334,546,左手,1,食指,2,关节2(中间),-15.67,242.09,-59.01
128334,546,左手,1,食指,3,关节3(指尖),-16.01,269.93,-87.62
128334,546,左手,2,中指,1,关节1(靠近手掌),2.78,219.16,-30.46
128334,546,左手,2,中指,2,关节2(中间),7.80,230.44,-65.45
128334,546,左手,2,中指,3,关节3(指尖),16.39,254.75,-105.57
128334,546,左手,3,无名指,1,关节1(靠近手掌),22.41,209.82,-23.74
128334,546,左手,3,无名指,2,关节2(中间),22.42,222.79,-58.85
128334,546,左手,3,无名指,3,关节3(指尖),24.21,243.06,-88.86
128334,546,左手,4,小指,1,关节1(靠近手掌),37.31,202.73,-10.98
128334,546,左手,4,小指,2,关节2(中间),50.33,204.38,-28.67
128334,546,左手,4,小指,3,关节3(指尖),66.51,214.10,-47.52
128335,546,左手,0,拇指,1,关节1(靠近手掌),-22.14,202.84,37.84
128335,546,左手,0,拇指,2,关节2(中间),-40.11,228.41,4.04
128335,546,左手,0,拇指,3,关节3(指尖),-51.92,249.72,-30.63
128335,546,左手,1,食指,1,关节1(靠近手掌),-13.21,229.80,-31.99
128335,546,左手,1,食指,2,关节2(中间),-15.95,244.32,-61.46
128335,546,左手,1,食指,3,关节3(指尖),-16.39,272.23,-90.21
128335,546,左手,2,中指,1,关节1(靠近手掌),2.51,221.44,-32.73
128335,546,左手,2,中指,2,关节2(中间),7.34,232.58,-67.93
128335,546,左手,2,中指,3,关节3(指尖),15.68,256.68,-108.46
128335,546,左手,3,无名指,1,关节1(靠近手掌),22.07,212.12,-25.99
128335,546,左手,3,无名指,2,关节2(中间),22.19,224.96,-61.18
128335,546,左手,3,无名指,3,关节3(指尖),24.07,244.97,-91.19
128335,546,左手,4,小指,1,关节1(靠近手掌),36.91,205.06,-13.22
128335,546,左手,4,小指,2,关节2(中间),49.91,206.55,-31.05
128335,546,左手,4,小指,3,关节3(指尖),66.03,215.74,-50.29
128336,546,左手,0,拇指,1,关节1(靠近手掌),-22.63,205.14,35.70
128336,546,左手,0,拇指,2,关节2(中间),-40.49,230.51,1.72
128336,546,左手,0,拇指,3,关节3(指尖),-52.24,251.61,-32.98
128336,546,左手,1,食指,1,关节1(靠近手掌),-13.71,232.01,-34.39
128336,546,左手,1,食指,2,关节2(中间),-16.45,246.61,-63.95
128336,546,左手,1,食指,3,关节3(指尖),-16.92,274.74,-92.58
128336,546,左手,2,中指,1,关节1(靠近手掌),1.95,223.75,-35.10
128336,546,左手,2,中指,2,关节2(中间),6.40,234.86,-70.41
128336,546,左手,2,中指,3,关节3(指尖),14.13,258.89,-111.25
128336,546,左手,3,无名指,1,关节1(靠近手掌),21.42,214.47,-28.28
128336,546,左手,3,无名指,2,关节2(中间),21.61,227.16,-63.65
128336,546,左手,3,无名指,3,关节3(指尖),23.51,246.93,-93.80
128336,546,左手,4,小指,1,关节1(靠近手掌),36.18,207.45,-15.44
128336,546,左手,4,小指,2,关节2(中间),49.15,208.75,-33.34
128336,546,左手,4,小指,3,关节3(指尖),65.15,217.39,-53.03
128337,546,左手,0,拇指,1,关节1(靠近手掌),-23.28,207.53,33.67
128337,546,左手,0,拇指,2,关节2(中间),-40.88,232.75,-0.49
128337,546,左手,0,拇指,3,关节3(指尖),-52.42,253.66,-35.32
128337,546,左手,1,食指,1,关节1(靠近手掌),-14.29,234.38,-36.64
128337,546,左手,1,食指,2,关节2(中间),-16.88,248.94,-66.26
128337,546,左手,1,食指,3,关节3(指尖),-17.32,277.09,-94.82
128337,546,左手,2,中指,1,关节1(靠近手掌),1.25,226.13,-37.33
128337,546,左手,2,中指,2,关节2(中间),5.56,237.16,-72.78
128337,546,左手,2,中指,3,关节3(指尖),13.01,260.62,-114.06
128337,546,左手,3,无名指,1,关节1(靠近手掌),20.61,216.88,-30.46
128337,546,左手,3,无名指,2,关节2(中间),20.86,229.34,-66.08
128337,546,左手,3,无名指,3,关节3(指尖),22.74,248.64,-96.53
128337,546,左手,4,小指,1,关节1(靠近手掌),35.28,209.88,-17.59
128337,546,左手,4,小指,2,关节2(中间),48.11,210.98,-35.66
128337,546,左手,4,小指,3,关节3(指尖),63.80,219.21,-56.01
128338,546,左手,0,拇指,1,关节1(靠近手掌),-23.94,209.99,31.63
128338,546,左手,0,拇指,2,关节2(中间),-41.24,235.14,-2.87
128338,546,左手,0,拇指,3,关节3(指尖),-52.25,255.99,-38.12
128338,546,左手,1,食指,1,关节1(靠近手掌),-14.86,236.85,-38.87
128338,546,左手,1,食指,2,关节2(中间),-17.18,251.40,-68.51
128338,546,左手,1,食指,3,关节3(指尖),-17.41,279.47,-97.04
128338,546,左手,2,中指,1,关节1(靠近手掌),0.59,228.60,-39.56
128338,546,左手,2,中指,2,关节2(中间),4.79,239.48,-75.04
128338,546,左手,2,中指,3,关节3(指尖),12.08,262.31,-116.67
128338,546,左手,3,无名指,1,关节1(靠近手掌),19.82,219.35,-32.64
128338,546,左手,3,无名指,2,关节2(中间),20.09,231.46,-68.45
128338,546,左手,3,无名指,3,关节3(指尖),21.96,250.17,-99.30
128338,546,左手,4,小指,1,关节1(靠近手掌),34.41,212.37,-19.75
128338,546,左手,4,小指,2,关节2(中间),47.09,213.20,-37.96
128338,546,左手,4,小指,3,关节3(指尖),62.72,220.86,-58.90
128339,546,左手,0,拇指,1,关节1(靠近手掌),-24.68,212.05,29.56
128339,546,左手,0,拇指,2,关节2(中间),-41.90,237.02,-5.40
128339,546,左手,0,拇指,3,关节3(指尖),-52.81,257.66,-40.98
128339,546,左手,1,食指,1,关节1(靠近手掌),-15.58,238.79,-41.07
128339,546,左手,1,食指,2,关节2(中间),-17.84,253.29,-70.68
128339,546,左手,1,食指,3,关节3(指尖),-18.09,281.18,-99.14
128339,546,左手,2,中指,1,关节1(靠近手掌),-0.13,230.55,-41.69
128339,546,左手,2,中指,2,关节2(中间),3.98,241.28,-77.18
128339,546,左手,2,中指,3,关节3(指尖),11.19,263.70,-118.92
128339,546,左手,3,无名指,1,关节1(靠近手掌),19.04,221.34,-34.71
128339,546,左手,3,无名指,2,关节2(中间),19.34,233.11,-70.51
128339,546,左手,3,无名指,3,关节3(指尖),21.20,251.43,-101.39
128339,546,左手,4,小指,1,关节1(靠近手掌),33.59,214.40,-21.80
128339,546,左手,4,小指,2,关节2(中间),46.24,215.02,-40.02
128339,546,左手,4,小指,3,关节3(指尖),61.92,222.33,-61.13
128340,546,左手,0,拇指,1,关节1(靠近手掌),-25.38,213.98,27.54
128340,546,左手,0,拇指,2,关节2(中间),-42.48,238.68,-7.92
128340,546,左手,0,拇指,3,关节3(指尖),-53.11,259.04,-44.11
128340,546,左手,1,食指,1,关节1(靠近手掌),-16.19,240.57,-43.14
128340,546,左手,1,食指,2,关节2(中间),-18.35,254.94,-72.74
128340,546,左手,1,食指,3,关节3(指尖),-18.50,282.49,-101.36
128340,546,左手,2,中指,1,关节1(靠近手掌),-0.77,232.32,-43.72
128340,546,左手,2,中指,2,关节2(中间),3.30,242.85,-79.20
128340,546,左手,2,中指,3,关节3(指尖),10.49,264.74,-121.02
128340,546,左手,3,无名指,1,关节1(靠近手掌),18.35,223.11,-36.70
128340,546,左手,3,无名指,2,关节2(中间),18.70,234.51,-72.51
128340,546,左手,3,无名指,3,关节3(指尖),20.63,252.41,-103.41
128340,546,左手,4,小指,1,关节1(靠近手掌),32.87,216.21,-23.79
128340,546,左手,4,小指,2,关节2(中间),45.48,216.48,-42.03
128340,546,左手,4,小指,3,关节3(指尖),61.21,223.27,-63.31
128341,546,左手,0,拇指,1,关节1(靠近手掌),-26.09,215.78,25.45
128341,546,左手,0,拇指,2,关节2(中间),-42.99,240.37,-10.30
128341,546,左手,0,拇指,3,关节3(指尖),-53.16,260.69,-46.79
128341,546,左手,1,食指,1,关节1(靠近手掌),-16.86,242.25,-45.19
128341,546,左手,1,食指,2,关节2(中间),-18.94,256.57,-74.74
128341,546,左手,1,食指,3,关节3(指尖),-19.15,283.96,-103.38
128341,546,左手,2,中指,1,关节1(靠近手掌),-1.44,233.99,-45.75
128341,546,左手,2,中指,2,关节2(中间),2.69,244.48,-81.11
128341,546,左手,2,中指,3,关节3(指尖),9.90,266.00,-122.77
128341,546,左手,3,无名指,1,关节1(靠近手掌),17.64,224.77,-38.71
128341,546,左手,3,无名指,2,关节2(中间),18.01,235.83,-74.51
128341,546,左手,3,无名指,3,关节3(指尖),19.93,253.20,-105.58
128341,546,左手,4,小指,1,关节1(靠近手掌),32.14,217.88,-25.79
128341,546,左手,4,小指,2,关节2(中间),44.76,217.97,-44.04
128341,546,左手,4,小指,3,关节3(指尖),60.59,224.53,-65.54
128342,546,左手,0,拇指,1,关节1(靠近手掌),-26.70,217.37,23.21
128342,546,左手,0,拇指,2,关节2(中间),-43.41,241.82,-12.92
128342,546,左手,0,拇指,3,关节3(指尖),-53.40,262.08,-49.77
128342,546,左手,1,食指,1,关节1(靠近手掌),-17.16,243.72,-47.28
128342,546,左手,1,食指,2,关节2(中间),-18.97,257.96,-76.73
128342,546,左手,1,食指,3,关节3(指尖),-18.99,285.25,-105.34
128342,546,左手,2,中指,1,关节1(靠近手掌),-1.72,235.44,-47.73
128342,546,左手,2,中指,2,关节2(中间),2.59,245.83,-82.96
128342,546,左手,2,中指,3,关节3(指尖),10.06,266.93,-124.47
128342,546,左手,3,无名指,1,关节1(靠近手掌),17.29,226.21,-40.58
128342,546,左手,3,无名指,2,关节2(中间),17.75,237.15,-76.24
128342,546,左手,3,无名指,3,关节3(指尖),19.68,254.35,-107.37
128342,546,左手,4,小指,1,关节1(靠近手掌),31.72,219.36,-27.60
128342,546,左手,4,小指,2,关节2(中间),44.36,219.11,-45.72
128342,546,左手,4,小指,3,关节3(指尖),60.41,225.11,-67.49
128343,546,左手,0,拇指,1,关节1(靠近手掌),-27.23,218.83,21.37
128343,546,左手,0,拇指,2,关节2(中间),-43.81,243.13,-14.94
128343,546,左手,0,拇指,3,关节3(指尖),-53.69,263.36,-51.99
128343,546,左手,1,食指,1,关节1(靠近手掌),-17.49,245.00,-48.98
128343,546,左手,1,食指,2,关节2(中间),-19.19,259.07,-78.36
128343,546,左手,1,食指,3,关节3(指尖),-19.28,285.94,-107.00
128343,546,左手,2,中指,1,关节1(靠近手掌),-2.00,236.67,-49.36
128343,546,左手,2,中指,2,关节2(中间),2.88,246.84,-84.34
128343,546,左手,2,中指,3,关节3(指尖),11.09,267.59,-125.55
128343,546,左手,3,无名指,1,关节1(靠近手掌),16.98,227.44,-42.05
128343,546,左手,3,无名指,2,关节2(中间),17.40,238.05,-77.70
128343,546,左手,3,无名指,3,关节3(指尖),19.30,254.69,-109.01
128343,546,左手,4,小指,1,关节1(靠近手掌),31.36,220.63,-29.05
128343,546,左手,4,小指,2,关节2(中间),44.05,219.97,-47.08
128343,546,左手,4,小指,3,关节3(指尖),60.39,225.35,-69.14
128344,546,左手,0,拇指,1,关节1(靠近手掌),-27.75,220.21,19.96
128344,546,左手,0,拇指,2,关节2(中间),-44.34,244.59,-16.27
128344,546,左手,0,拇指,3,关节3(指尖),-54.17,264.97,-53.21
128344,546,左手,1,食指,1,关节1(靠近手掌),-17.81,246.36,-50.31
128344,546,左手,1,食指,2,关节2(中间),-19.20,260.34,-79.59
128344,546,左手,1,食指,3,关节3(指尖),-19.14,286.97,-108.25
128344,546,左手,2,中指,1,关节1(靠近手掌),-2.29,238.02,-50.62
128344,546,左手,2,中指,2,关节2(中间),3.29,248.10,-85.43
128344,546,左手,2,中指,3,关节3(指尖),12.30,268.65,-126.28
128344,546,左手,3,无名指,1,关节1(靠近手掌),16.65,228.79,-43.22
128344,546,左手,3,无名指,2,关节2(中间),17.01,239.34,-78.80
128344,546,左手,3,无名指,3,关节3(指尖),18.82,255.68,-110.16
128344,546,左手,4,小指,1,关节1(靠近手掌),30.98,221.98,-30.23
128344,546,左手,4,小指,2,关节2(中间),43.70,221.17,-48.19
128344,546,左手,4,小指,3,关节3(指尖),60.21,226.27,-70.50
128345,546,左手,0,拇指,1,关节1(靠近手掌),-28.55,221.60,18.90
128345,546,左手,0,拇指,2,关节2(中间),-45.16,245.96,-17.34
128345,546,左手,0,拇指,3,关节3(指尖),-54.97,266.31,-54.29
128345,546,左手,1,食指,1,关节1(靠近手掌),-18.49,247.57,-51.33
128345,546,左手,1,食指,2,关节2(中间),-19.74,261.31,-80.56
128345,546,左手,1,食指,3,关节3(指尖),-19.52,287.62,-109.35
128345,546,左手,2,中指,1,关节1(靠近手掌),-2.95,239.21,-51.59
128345,546,左手,2,中指,2,关节2(中间),2.90,249.22,-86.31
128345,546,左手,2,中指,3,关节3(指尖),12.14,269.70,-126.79
128345,546,左手,3,无名指,1,关节1(靠近手掌),15.97,229.99,-44.14
128345,546,左手,3,无名指,2,关节2(中间),16.35,240.43,-79.65
128345,546,左手,3,无名指,3,关节3(指尖),18.21,256.78,-110.90
128345,546,左手,4,小指,1,关节1(靠近手掌),30.28,223.23,-31.13
128345,546,左手,4,小指,2,关节2(中间),43.08,222.29,-49.05
128345,546,左手,4,小指,3,关节3(指尖),59.73,227.34,-71.43
128346,546,左手,0,拇指,1,关节1(靠近手掌),-29.31,222.84,18.20
128346,546,左手,0,拇指,2,关节2(中间),-45.81,247.20,-18.19
128346,546,左手,0,拇指,3,关节3(指尖),-55.45,267.60,-55.36
128346,546,左手,1,食指,1,关节1(靠近手掌),-18.95,248.82,-51.94
128346,546,左手,1,食指,2,关节2(中间),-19.88,262.48,-81.11
128346,546,左手,1,食指,3,关节3(指尖),-19.34,288.57,-109.93
128346,546,左手,2,中指,1,关节1(靠近手掌),-3.40,240.46,-52.13
128346,546,左手,2,中指,2,关节2(中间),2.83,250.51,-86.76
128346,546,左手,2,中指,3,关节3(指尖),12.45,270.95,-126.84
128346,546,左手,3,无名指,1,关节1(靠近手掌),15.47,231.25,-44.61
128346,546,左手,3,无名指,2,关节2(中间),15.86,241.68,-80.02
128346,546,左手,3,无名指,3,关节3(指尖),17.78,257.97,-111.19
128346,546,左手,4,小指,1,关节1(靠近手掌),29.72,224.51,-31.58
128346,546,左手,4,小指,2,关节2(中间),42.57,223.42,-49.48
128346,546,左手,4,小指,3,关节3(指尖),59.38,228.16,-71.95
128347,546,左手,0,拇指,1,关节1(靠近手掌),-29.73,223.82,18.07
128347,546,左手,0,拇指,2,关节2(中间),-46.18,248.16,-18.43
128347,546,左手,0,拇指,3,关节3(指尖),-55.66,268.57,-55.78
128347,546,左手,1,食指,1,关节1(靠近手掌),-19.21,249.82,-52.03
128347,546,左手,1,食指,2,关节2(中间),-20.14,263.35,-81.17
128347,546,左手,1,食指,3,关节3(指尖),-19.56,289.14,-110.18
128347,546,左手,2,中指,1,关节1(靠近手掌),-3.66,241.48,-52.18
128347,546,左手,2,中指,2,关节2(中间),2.81,251.62,-86.75
128347,546,左手,2,中指,3,关节3(指尖),12.76,272.04,-126.54
128347,546,左手,3,无名指,1,关节1(靠近手掌),15.19,232.30,-44.62
128347,546,左手,3,无名指,2,关节2(中间),15.61,242.79,-79.92
128347,546,左手,3,无名指,3,关节3(指尖),17.60,259.10,-110.96
128347,546,左手,4,小指,1,关节1(靠近手掌),29.39,225.61,-31.60
128347,546,左手,4,小指,2,关节2(中间),42.33,224.39,-49.54
128347,546,左手,4,小指,3,关节3(指尖),59.49,228.96,-72.03
128348,546,左手,0,拇指,1,关节1(靠近手掌),-30.01,224.78,18.09
128348,546,左手,0,拇指,2,关节2(中间),-46.48,249.04,-18.51
128348,546,左手,0,拇指,3,关节3(指尖),-55.96,269.38,-55.95
128348,546,左手,1,食指,1,关节1(靠近手掌),-19.36,250.85,-51.94
128348,546,左手,1,食指,2,关节2(中间),-20.18,264.35,-81.01
128348,546,左手,1,食指,3,关节3(指尖),-19.42,290.12,-110.04
128348,546,左手,2,中指,1,关节1(靠近手掌),-3.81,242.50,-52.05
128348,546,左手,2,中指,2,关节2(中间),2.81,252.75,-86.55
128348,546,左手,2,中指,3,关节3(指尖),12.96,273.18,-126.08
128348,546,左手,3,无名指,1,关节1(靠近手掌),14.99,233.31,-44.47
128348,546,左手,3,无名指,2,关节2(中间),15.39,243.85,-79.72
128348,546,左手,3,无名指,3,关节3(指尖),17.37,260.13,-110.68
128348,546,左手,4,小指,1,关节1(靠近手掌),29.15,226.61,-31.47
128348,546,左手,4,小指,2,关节2(中间),42.12,225.28,-49.44
128348,546,左手,4,小指,3,关节3(指尖),59.33,229.67,-72.09
128349,546,左手,0,拇指,1,关节1(靠近手掌),-30.38,225.58,18.32
128349,546,左手,0,拇指,2,关节2(中间),-46.84,249.86,-18.29
128349,546,左手,0,拇指,3,关节3(指尖),-56.32,270.25,-55.74
128349,546,左手,1,食指,1,关节1(靠近手掌),-19.58,251.86,-51.65
128349,546,左手,1,食指,2,关节2(中间),-20.22,265.34,-80.66
128349,546,左手,1,食指,3,关节3(指尖),-19.17,291.03,-109.75
128349,546,左手,2,中指,1,关节1(靠近手掌),-4.05,243.51,-51.74
128349,546,左手,2,中指,2,关节2(中间),2.69,253.84,-86.18
128349,546,左手,2,中指,3,关节3(指尖),12.96,274.21,-125.56
128349,546,左手,3,无名指,1,关节1(靠近手掌),14.70,234.31,-44.17
128349,546,左手,3,无名指,2,关节2(中间),15.07,245.01,-79.35
128349,546,左手,3,无名指,3,关节3(指尖),17.02,261.23,-110.07
128349,546,左手,4,小指,1,关节1(靠近手掌),28.81,227.58,-31.18
128349,546,左手,4,小指,2,关节2(中间),41.78,226.21,-49.19
128349,546,左手,4,小指,3,关节3(指尖),58.97,230.55,-71.85
128350,546,左手,0,拇指,1,关节1(靠近手掌),-30.67,226.38,18.82
128350,546,左手,0,拇指,2,关节2(中间),-47.18,250.63,-17.78
128350,546,左手,0,拇指,3,关节3(指尖),-56.76,271.01,-55.19
128350,546,左手,1,食指,1,关节1(靠近手掌),-19.77,252.80,-51.00
128350,546,左手,1,食指,2,关节2(中间),-20.22,266.25,-79.86
128350,546,左手,1,食指,3,关节3(指尖),-18.94,291.84,-108.79
128350,546,左手,2,中指,1,关节1(靠近手掌),-4.23,244.40,-51.09
128350,546,左手,2,中指,2,关节2(中间),2.61,254.70,-85.44
128350,546,左手,2,中指,3,关节3(指尖),12.98,274.99,-124.69
128350,546,左手,3,无名指,1,关节1(靠近手掌),14.51,235.16,-43.50
128350,546,左手,3,无名指,2,关节2(中间),14.87,246.00,-78.52
128350,546,左手,3,无名指,3,关节3(指尖),16.84,262.28,-108.86
128350,546,左手,4,小指,1,关节1(靠近手掌),28.58,228.40,-30.54
128350,546,左手,4,小指,2,关节2(中间),41.56,226.99,-48.52
128350,546,左手,4,小指,3,关节3(指尖),58.79,231.24,-71.23
128351,546,左手,0,拇指,1,关节1(靠近手掌),-30.87,227.20,19.40
128351,546,左手,0,拇指,2,关节2(中间),-47.44,251.39,-17.27
128351,546,左手,0,拇指,3,关节3(指尖),-57.00,271.72,-54.73
128351,546,左手,1,食指,1,关节1(靠近手掌),-19.95,253.63,-50.33
128351,546,左手,1,食指,2,关节2(中间),-20.29,267.06,-79.15
128351,546,左手,1,食指,3,关节3(指尖),-18.79,292.53,-108.03
128351,546,左手,2,中指,1,关节1(靠近手掌),-4.39,245.21,-50.41
128351,546,左手,2,中指,2,关节2(中间),2.46,255.52,-84.74
128351,546,左手,2,中指,3,关节3(指尖),12.82,275.72,-123.95
128351,546,左手,3,无名指,1,关节1(靠近手掌),14.35,235.96,-42.82
128351,546,左手,3,无名指,2,关节2(中间),14.70,246.85,-77.76
128351,546,左手,3,无名指,3,关节3(指尖),16.69,263.21,-107.93
128351,546,左手,4,小指,1,关节1(靠近手掌),28.39,229.20,-29.89
128351,546,左手,4,小指,2,关节2(中间),41.42,227.69,-47.82
128351,546,左手,4,小指,3,关节3(指尖),58.79,231.86,-70.49
128352,546,左手,0,拇指,1,关节1(靠近手掌),-30.98,227.99,20.10
128352,546,左手,0,拇指,2,关节2(中间),-47.56,252.17,-16.56
128352,546,左手,0,拇指,3,关节3(指尖),-57.13,272.49,-54.01
128352,546,左手,1,食指,1,关节1(靠近手掌),-20.08,254.47,-49.56
128352,546,左手,1,食指,2,关节2(中间),-20.33,267.95,-78.30
128352,546,左手,1,食指,3,关节3(指尖),-18.68,293.44,-107.00
128352,546,左手,2,中指,1,关节1(靠近手掌),-4.52,246.05,-49.65
128352,546,左手,2,中指,2,关节2(中间),2.32,256.47,-83.97
128352,546,左手,2,中指,3,关节3(指尖),12.68,276.74,-123.00
128352,546,左手,3,无名指,1,关节1(靠近手掌),14.21,236.79,-42.10
128352,546,左手,3,无名指,2,关节2(中间),14.50,247.72,-77.03
128352,546,左手,3,无名指,3,关节3(指尖),16.39,264.08,-107.18
128352,546,左手,4,小指,1,关节1(靠近手掌),28.25,230.01,-29.18
128352,546,左手,4,小指,2,关节2(中间),41.31,228.50,-47.11
128352,546,左手,4,小指,3,关节3(指尖),58.76,232.68,-69.77
128353,546,左手,0,拇指,1,关节1(靠近手掌),-31.07,228.67,20.80
128353,546,左手,0,拇指,2,关节2(中间),-47.70,252.90,-15.82
128353,546,左手,0,拇指,3,关节3(指尖),-57.33,273.28,-53.20
128353,546,左手,1,食指,1,关节1(靠近手掌),-20.19,255.31,-48.79
128353,546,左手,1,食指,2,关节2(中间),-20.44,268.84,-77.48
128353,546,左手,1,食指,3,关节3(指尖),-18.80,294.35,-106.12
128353,546,左手,2,中指,1,关节1(靠近手掌),-4.64,246.89,-48.89
128353,546,左手,2,中指,2,关节2(中间),2.14,257.43,-83.21
128353,546,左手,2,中指,3,关节3(指尖),12.40,277.84,-122.20
128353,546,左手,3,无名指,1,关节1(靠近手掌),14.08,237.60,-41.36
128353,546,左手,3,无名指,2,关节2(中间),14.22,248.58,-76.28
128353,546,左手,3,无名指,3,关节3(指尖),15.90,264.96,-106.43
128353,546,左手,4,小指,1,关节1(靠近手掌),28.10,230.79,-28.46
128353,546,左手,4,小指,2,关节2(中间),41.18,229.27,-46.39
128353,546,左手,4,小指,3,关节3(指尖),58.63,233.45,-69.04
128354,546,左手,0,拇指,1,关节1(靠近手掌),-31.23,229.26,21.50
128354,546,左手,0,拇指,2,关节2(中间),-47.95,253.55,-15.03
128354,546,左手,0,拇指,3,关节3(指尖),-57.69,273.99,-52.27
128354,546,左手,1,食指,1,关节1(靠近手掌),-20.40,256.02,-48.02
128354,546,左手,1,食指,2,关节2(中间),-20.64,269.65,-76.61
128354,546,左手,1,食指,3,关节3(指尖),-18.99,295.30,-105.00
128354,546,左手,2,中指,1,关节1(靠近手掌),-4.86,247.60,-48.14
128354,546,左手,2,中指,2,关节2(中间),1.88,258.21,-82.44
128354,546,左手,2,中指,3,关节3(指尖),12.15,278.84,-121.33
128354,546,左手,3,无名指,1,关节1(靠近手掌),13.86,238.29,-40.63
128354,546,左手,3,无名指,2,关节2(中间),13.85,249.37,-75.50
128354,546,左手,3,无名指,3,关节3(指尖),15.41,265.88,-105.49
128354,546,左手,4,小指,1,关节1(靠近手掌),27.88,231.45,-27.74
128354,546,左手,4,小指,2,关节2(中间),40.97,229.96,-45.64
128354,546,左手,4,小指,3,关节3(指尖),58.43,234.27,-68.16
128355,546,左手,0,拇指,1,关节1(靠近手掌),-31.45,229.81,22.26
128355,546,左手,0,拇指,2,关节2(中间),-48.22,254.12,-14.20
128355,546,左手,0,拇指,3,关节3(指尖),-57.99,274.61,-51.39
128355,546,左手,1,食指,1,关节1(靠近手掌),-20.69,256.64,-47.17
128355,546,左手,1,食指,2,关节2(中间),-20.84,270.35,-75.64
128355,546,左手,1,食指,3,关节3(指尖),-19.00,296.07,-103.66
128355,546,左手,2,中指,1,关节1(靠近手掌),-5.14,248.20,-47.30
128355,546,左手,2,中指,2,关节2(中间),1.54,258.94,-81.54
128355,546,左手,2,中指,3,关节3(指尖),11.74,279.77,-120.18
128355,546,左手,3,无名指,1,关节1(靠近手掌),13.60,238.88,-39.80
128355,546,左手,3,无名指,2,关节2(中间),13.44,249.96,-74.65
128355,546,左手,3,无名指,3,关节3(指尖),14.87,266.48,-104.65
128355,546,左手,4,小指,1,关节1(靠近手掌),27.62,232.03,-26.94
128355,546,左手,4,小指,2,关节2(中间),40.73,230.55,-44.79
128355,546,左手,4,小指,3,关节3(指尖),58.25,235.00,-67.27
128356,546,左手,0,拇指,1,关节1(靠近手掌),-31.57,230.41,23.10
128356,546,左手,0,拇指,2,关节2(中间),-48.43,254.75,-13.22
128356,546,左手,0,拇指,3,关节3(指尖),-58.21,275.30,-50.32
128356,546,左手,1,食指,1,关节1(靠近手掌),-20.96,257.31,-46.25
128356,546,左手,1,食指,2,关节2(中间),-21.03,270.99,-74.69
128356,546,左手,1,食指,3,关节3(指尖),-19.14,296.56,-102.74
128356,546,左手,2,中指,1,关节1(靠近手掌),-5.40,248.85,-46.41
128356,546,左手,2,中指,2,关节2(中间),1.17,259.60,-80.68
128356,546,左手,2,中指,3,关节3(指尖),11.24,280.41,-119.35
128356,546,左手,3,无名指,1,关节1(靠近手掌),13.36,239.53,-38.95
128356,546,左手,3,无名指,2,关节2(中间),13.02,250.59,-73.83
128356,546,左手,3,无名指,3,关节3(指尖),14.30,267.10,-103.88
128356,546,左手,4,小指,1,关节1(靠近手掌),27.41,232.66,-26.11
128356,546,左手,4,小指,2,关节2(中间),40.52,231.25,-43.94
128356,546,左手,4,小指,3,关节3(指尖),58.04,235.84,-66.37
128357,546,左手,0,拇指,1,关节1(靠近手掌),-31.45,230.81,24.42
128357,546,左手,0,拇指,2,关节2(中间),-48.50,255.15,-11.76
128357,546,左手,0,拇指,3,关节3(指尖),-58.46,275.69,-48.74
128357,546,左手,1,食指,1,关节1(靠近手掌),-21.17,257.71,-44.87
128357,546,左手,1,食指,2,关节2(中间),-21.25,271.37,-73.31
128357,546,左手,1,食指,3,关节3(指尖),-19.36,296.79,-101.38
128357,546,左手,2,中指,1,关节1(靠近手掌),-5.60,249.22,-45.09
128357,546,左手,2,中指,2,关节2(中间),0.82,259.82,-79.46
128357,546,左手,2,中指,3,关节3(指尖),10.85,280.44,-118.45
128357,546,左手,3,无名指,1,关节1(靠近手掌),13.21,239.89,-37.68
128357,546,左手,3,无名指,2,关节2(中间),12.85,250.88,-72.63
128357,546,左手,3,无名指,3,关节3(指尖),14.18,267.44,-102.63
128357,546,左手,4,小指,1,关节1(靠近手掌),27.31,233.01,-24.93
128357,546,左手,4,小指,2,关节2(中间),40.43,231.64,-42.69
128357,546,左手,4,小指,3,关节3(指尖),57.97,236.41,-65.08
128358,546,左手,0,拇指,1,关节1(靠近手掌),-31.09,231.17,25.34
128358,546,左手,0,拇指,2,关节2(中间),-48.21,255.57,-10.74
128358,546,左手,0,拇指,3,关节3(指尖),-58.22,276.26,-47.62
128358,546,左手,1,食指,1,关节1(靠近手掌),-21.02,258.14,-43.83
128358,546,左手,1,食指,2,关节2(中间),-21.15,271.86,-72.12
128358,546,左手,1,食指,3,关节3(指尖),-19.31,297.22,-99.96
128358,546,左手,2,中指,1,关节1(靠近手掌),-5.44,249.61,-44.11
128358,546,左手,2,中指,2,关节2(中间),0.84,260.20,-78.46
128358,546,左手,2,中指,3,关节3(指尖),10.70,280.80,-117.42
128358,546,左手,3,无名指,1,关节1(靠近手掌),13.42,240.26,-36.75
128358,546,左手,3,无名指,2,关节2(中间),12.93,251.08,-71.78
128358,546,左手,3,无名指,3,关节3(指尖),14.11,267.43,-102.07
128358,546,左手,4,小指,1,关节1(靠近手掌),27.56,233.37,-24.03
128358,546,左手,4,小指,2,关节2(中间),40.67,232.00,-41.76
128358,546,左手,4,小指,3,关节3(指尖),58.25,236.75,-64.20
128359,546,左手,0,拇指,1,关节1(靠近手掌),-30.60,231.56,25.84
128359,546,左手,0,拇指,2,关节2(中间),-47.79,255.97,-10.11
128359,546,左手,0,拇指,3,关节3(指尖),-57.87,276.66,-46.78
128359,546,左手,1,食指,1,关节1(靠近手掌),-20.72,258.64,-43.19
128359,546,左手,1,食指,2,关节2(中间),-20.89,272.36,-71.46
128359,546,左手,1,食指,3,关节3(指尖),-19.12,297.59,-99.30
128359,546,左手,2,中指,1,关节1(靠近手掌),-5.14,250.05,-43.52
128359,546,左手,2,中指,2,关节2(中间),1.05,260.51,-77.89
128359,546,左手,2,中指,3,关节3(指尖),10.83,280.84,-116.97
128359,546,左手,3,无名指,1,关节1(靠近手掌),13.75,240.66,-36.22
128359,546,左手,3,无名指,2,关节2(中间),13.08,251.30,-71.38
128359,546,左手,3,无名指,3,关节3(指尖),14.04,267.46,-101.93
128359,546,左手,4,小指,1,关节1(靠近手掌),27.94,233.72,-23.54
128359,546,左手,4,小指,2,关节2(中间),41.03,232.41,-41.21
128359,546,左手,4,小指,3,关节3(指尖),58.60,237.18,-63.53
128360,546,左手,0,拇指,1,关节1(靠近手掌),-29.96,232.01,25.88
128360,546,左手,0,拇指,2,关节2(中间),-47.02,256.45,-10.02
128360,546,左手,0,拇指,3,关节3(指尖),-56.95,277.18,-46.71
128360,546,左手,1,食指,1,关节1(靠近手掌),-20.13,259.17,-43.00
128360,546,左手,1,食指,2,关节2(中间),-20.31,272.91,-71.20
128360,546,左手,1,食指,3,关节3(指尖),-18.54,298.14,-98.86
128360,546,左手,2,中指,1,关节1(靠近手掌),-4.55,250.52,-43.33
128360,546,左手,2,中指,2,关节2(中间),1.52,260.84,-77.73
128360,546,左手,2,中指,3,关节3(指尖),11.17,281.08,-116.89
128360,546,左手,3,无名指,1,关节1(靠近手掌),14.36,241.08,-36.07
128360,546,左手,3,无名指,2,关节2(中间),13.64,251.64,-71.30
128360,546,左手,3,无名指,3,关节3(指尖),14.52,267.82,-101.94
128360,546,左手,4,小指,1,关节1(靠近手掌),28.59,234.06,-23.43
128360,546,左手,4,小指,2,关节2(中间),41.66,232.81,-40.95
128360,546,左手,4,小指,3,关节3(指尖),59.22,237.62,-63.11
128361,546,左手,0,拇指,1,关节1(靠近手掌),-29.37,232.51,25.64
128361,546,左手,0,拇指,2,关节2(中间),-46.28,256.94,-10.27
128361,546,左手,0,拇指,3,关节3(指尖),-56.01,277.70,-47.07
128361,546,左手,1,食指,1,关节1(靠近手掌),-19.56,259.64,-43.15
128361,546,左手,1,食指,2,关节2(中间),-19.73,273.41,-71.31
128361,546,左手,1,食指,3,关节3(指尖),-17.90,298.71,-98.77
128361,546,左手,2,中指,1,关节1(靠近手掌),-3.98,250.96,-43.46
128361,546,左手,2,中指,2,关节2(中间),1.97,261.22,-77.83
128361,546,左手,2,中指,3,关节3(指尖),11.52,281.43,-117.00
128361,546,左手,3,无名指,1,关节1(靠近手掌),14.94,241.48,-36.19
128361,546,左手,3,无名指,2,关节2(中间),14.14,251.97,-71.47
128361,546,左手,3,无名指,3,关节3(指尖),14.89,268.07,-102.18
128361,546,左手,4,小指,1,关节1(靠近手掌),29.20,234.43,-23.56
128361,546,左手,4,小指,2,关节2(中间),42.25,233.21,-40.94
128361,546,左手,4,小指,3,关节3(指尖),59.78,238.00,-62.99
128362,546,左手,0,拇指,1,关节1(靠近手掌),-28.88,233.07,25.30
128362,546,左手,0,拇指,2,关节2(中间),-45.66,257.45,-10.64
128362,546,左手,0,拇指,3,关节3(指尖),-55.21,278.18,-47.52
128362,546,左手,1,食指,1,关节1(靠近手掌),-19.10,260.08,-43.48
128362,546,左手,1,食指,2,关节2(中间),-19.26,273.85,-71.64
128362,546,左手,1,食指,3,关节3(指尖),-17.26,299.30,-99.01
128362,546,左手,2,中指,1,关节1(靠近手掌),-3.53,251.38,-43.77
128362,546,左手,2,中指,2,关节2(中间),2.23,261.67,-78.15
128362,546,左手,2,中指,3,关节3(指尖),11.65,282.26,-117.32
128362,546,左手,3,无名指,1,关节1(靠近手掌),15.39,241.84,-36.49
128362,546,左手,3,无名指,2,关节2(中间),14.57,252.38,-71.78
128362,546,左手,3,无名指,3,关节3(指尖),15.31,268.57,-102.49
128362,546,左手,4,小指,1,关节1(靠近手掌),29.66,234.76,-23.85
128362,546,左手,4,小指,2,关节2(中间),42.71,233.65,-41.19
128362,546,左手,4,小指,3,关节3(指尖),60.21,238.63,-62.99
128363,546,左手,0,拇指,1,关节1(靠近手掌),-28.71,233.77,24.69
128363,546,左手,0,拇指,2,关节2(中间),-45.40,258.06,-11.34
128363,546,左手,0,拇指,3,关节3(指尖),-54.76,278.73,-48.36
128363,546,左手,1,食指,1,关节1(靠近手掌),-18.98,260.58,-44.14
128363,546,左手,1,食指,2,关节2(中间),-19.06,274.39,-72.30
128363,546,左手,1,食指,3,关节3(指尖),-16.85,299.98,-99.56
128363,546,左手,2,中指,1,关节1(靠近手掌),-3.42,251.89,-44.40
128363,546,左手,2,中指,2,关节2(中间),2.24,262.23,-78.76
128363,546,左手,2,中指,3,关节3(指尖),11.59,282.81,-117.94
128363,546,左手,3,无名指,1,关节1(靠近手掌),15.51,242.36,-37.11
128363,546,左手,3,无名指,2,关节2(中间),14.54,252.85,-72.45
128363,546,左手,3,无名指,3,关节3(指尖),15.12,269.00,-103.22
128363,546,左手,4,小指,1,关节1(靠近手掌),29.80,235.31,-24.44
128363,546,左手,4,小指,2,关节2(中间),42.86,234.30,-41.74
128363,546,左手,4,小指,3,关节3(指尖),60.26,239.55,-63.39
128364,546,左手,0,拇指,1,关节1(靠近手掌),-28.80,234.56,24.23
128364,546,左手,0,拇指,2,关节2(中间),-45.38,258.70,-11.90
128364,546,左手,0,拇指,3,关节3(指尖),-54.64,279.26,-48.99
128364,546,左手,1,食指,1,关节1(靠近手掌),-19.07,260.97,-44.79
128364,546,左手,1,食指,2,关节2(中间),-18.97,274.76,-73.02
128364,546,左手,1,食指,3,关节3(指尖),-16.44,300.53,-100.09
128364,546,左手,2,中指,1,关节1(靠近手掌),-3.54,252.30,-45.00
128364,546,左手,2,中指,2,关节2(中间),2.05,262.69,-79.41
128364,546,左手,2,中指,3,关节3(指尖),11.29,283.31,-118.63
128364,546,左手,3,无名指,1,关节1(靠近手掌),15.39,242.79,-37.66
128364,546,左手,3,无名指,2,关节2(中间),14.33,253.14,-73.09
128364,546,左手,3,无名指,3,关节3(指尖),14.88,269.23,-103.92
128364,546,左手,4,小指,1,关节1(靠近手掌),29.67,235.79,-24.93
128364,546,左手,4,小指,2,关节2(中间),42.74,234.88,-42.23
128364,546,左手,4,小指,3,关节3(指尖),60.07,240.31,-63.78
128365,546,左手,0,拇指,1,关节1(靠近手掌),-29.01,235.19,23.69
128365,546,左手,0,拇指,2,关节2(中间),-45.55,259.23,-12.56
128365,546,左手,0,拇指,3,关节3(指尖),-54.82,279.64,-49.70
128365,546,左手,1,食指,1,关节1(靠近手掌),-19.29,261.36,-45.47
128365,546,左手,1,食指,2,关节2(中间),-19.08,275.06,-73.75
128365,546,左手,1,食指,3,关节3(指尖),-16.43,300.86,-100.77
128365,546,左手,2,中指,1,关节1(靠近手掌),-3.78,252.69,-45.64
128365,546,左手,2,中指,2,关节2(中间),1.70,263.06,-80.07
128365,546,左手,2,中指,3,关节3(指尖),10.81,283.62,-119.36
128365,546,左手,3,无名指,1,关节1(靠近手掌),15.13,243.20,-38.27
128365,546,左手,3,无名指,2,关节2(中间),14.04,253.53,-73.72
128365,546,左手,3,无名指,3,关节3(指尖),14.58,269.59,-104.47
128365,546,左手,4,小指,1,关节1(靠近手掌),29.41,236.22,-25.50
128365,546,左手,4,小指,2,关节2(中间),42.49,235.42,-42.79
128365,546,左手,4,小指,3,关节3(指尖),59.67,241.05,-64.20
128366,546,左手,0,拇指,1,关节1(靠近手掌),-29.23,235.82,23.27
128366,546,左手,0,拇指,2,关节2(中间),-45.73,259.78,-13.04
128366,546,左手,0,拇指,3,关节3(指尖),-54.99,280.11,-50.21
128366,546,左手,1,食指,1,关节1(靠近手掌),-19.52,261.78,-46.02
128366,546,左手,1,食指,2,关节2(中间),-19.29,275.44,-74.37
128366,546,左手,1,食指,3,关节3(指尖),-16.66,301.26,-101.42
128366,546,左手,2,中指,1,关节1(靠近手掌),-4.04,253.12,-46.18
128366,546,左手,2,中指,2,关节2(中间),1.44,263.42,-80.66
128366,546,左手,2,中指,3,关节3(指尖),10.59,283.84,-120.03
128366,546,左手,3,无名指,1,关节1(靠近手掌),14.86,243.66,-38.79
128366,546,左手,3,无名指,2,关节2(中间),13.70,253.85,-74.34
128366,546,左手,3,无名指,3,关节3(指尖),14.15,269.73,-105.15
128366,546,左手,4,小指,1,关节1(靠近手掌),29.13,236.72,-25.97
128366,546,左手,4,小指,2,关节2(中间),42.21,235.96,-43.28
128366,546,左手,4,小指,3,关节3(指尖),59.32,241.60,-64.67
128367,546,左手,0,拇指,1,关节1(靠近手掌),-29.32,236.23,23.10
128367,546,左手,0,拇指,2,关节2(中间),-45.81,260.11,-13.26
128367,546,左手,0,拇指,3,关节3(指尖),-55.06,280.30,-50.46
128367,546,左手,1,食指,1,关节1(靠近手掌),-19.68,262.01,-46.29
128367,546,左手,1,食指,2,关节2(中间),-19.46,275.60,-74.71
128367,546,左手,1,食指,3,关节3(指尖),-16.90,301.21,-101.92
128367,546,左手,2,中指,1,关节1(靠近手掌),-4.21,253.37,-46.44
128367,546,左手,2,中指,2,关节2(中间),1.31,263.51,-80.99
128367,546,左手,2,中指,3,关节3(指尖),10.51,283.46,-120.54
128367,546,左手,3,无名指,1,关节1(靠近手掌),14.69,243.95,-39.03
128367,546,左手,3,无名指,2,关节2(中间),13.49,253.86,-74.69
128367,546,左手,3,无名指,3,关节3(指尖),13.88,269.46,-105.77
128367,546,左手,4,小指,1,关节1(靠近手掌),28.96,237.04,-26.20
128367,546,左手,4,小指,2,关节2(中间),42.05,236.29,-43.49
128367,546,左手,4,小指,3,关节3(指尖),59.17,241.87,-64.87
128368,546,左手,0,拇指,1,关节1(靠近手掌),-29.24,236.29,23.15
128368,546,左手,0,拇指,2,关节2(中间),-45.74,260.12,-13.26
128368,546,左手,0,拇指,3,关节3(指尖),-54.89,280.24,-50.51
128368,546,左手,1,食指,1,关节1(靠近手掌),-19.76,261.98,-46.28
128368,546,左手,1,食指,2,关节2(中间),-19.63,275.57,-74.73
128368,546,左手,1,食指,3,关节3(指尖),-17.28,301.12,-101.98
128368,546,左手,2,中指,1,关节1(靠近手掌),-4.29,253.38,-46.42
128368,546,左手,2,中指,2,关节2(中间),1.30,263.32,-81.02
128368,546,左手,2,中指,3,关节3(指尖),10.54,282.78,-120.85
128368,546,左手,3,无名指,1,关节1(靠近手掌),14.64,244.00,-39.02
128368,546,左手,3,无名指,2,关节2(中间),13.44,253.60,-74.81
128368,546,左手,3,无名指,3,关节3(指尖),13.80,268.84,-106.31
128368,546,左手,4,小指,1,关节1(靠近手掌),28.95,237.13,-26.18
128368,546,左手,4,小指,2,关节2(中间),42.04,236.42,-43.43
128368,546,左手,4,小指,3,关节3(指尖),59.18,241.93,-64.79
128369,546,左手,0,拇指,1,关节1(靠近手掌),-28.65,236.41,23.06
128369,546,左手,0,拇指,2,关节2(中间),-45.14,260.12,-13.38
128369,546,左手,0,拇指,3,关节3(指尖),-54.06,280.19,-50.62
128369,546,左手,1,食指,1,关节1(靠近手掌),-19.31,261.85,-46.39
128369,546,左手,1,食指,2,关节2(中间),-19.18,275.40,-74.85
128369,546,左手,1,食指,3,关节3(指尖),-16.78,300.78,-102.15
128369,546,左手,2,中指,1,关节1(靠近手掌),-3.83,253.22,-46.52
128369,546,左手,2,中指,2,关节2(中间),1.89,262.81,-81.09
128369,546,左手,2,中指,3,关节3(指尖),11.33,281.86,-120.96
128369,546,左手,3,无名指,1,关节1(靠近手掌),15.13,243.86,-39.11
128369,546,左手,3,无名指,2,关节2(中间),13.92,253.11,-75.02
128369,546,左手,3,无名指,3,关节3(指尖),14.28,268.20,-106.73
128369,546,左手,4,小指,1,关节1(靠近手掌),29.47,237.04,-26.28
128369,546,左手,4,小指,2,关节2(中间),42.56,236.33,-43.45
128369,546,左手,4,小指,3,关节3(指尖),59.74,241.83,-64.67
128370,546,左手,0,拇指,1,关节1(靠近手掌),-27.83,236.54,23.12
128370,546,左手,0,拇指,2,关节2(中间),-44.35,260.14,-13.35
128370,546,左手,0,拇指,3,关节3(指尖),-53.24,280.15,-50.60
128370,546,左手,1,食指,1,关节1(靠近手掌),-18.58,261.70,-46.35
128370,546,左手,1,食指,2,关节2(中间),-18.43,275.20,-74.82
128370,546,左手,1,食指,3,关节3(指尖),-15.94,300.44,-102.16
128370,546,左手,2,中指,1,关节1(靠近手掌),-3.09,253.00,-46.47
128370,546,左手,2,中指,2,关节2(中间),2.72,262.54,-81.02
128370,546,左手,2,中指,3,关节3(指尖),12.34,281.61,-120.87
128370,546,左手,3,无名指,1,关节1(靠近手掌),15.89,243.63,-39.05
128370,546,左手,3,无名指,2,关节2(中间),14.70,252.80,-75.01
128370,546,左手,3,无名指,3,关节3(指尖),15.07,267.97,-106.68
128370,546,左手,4,小指,1,关节1(靠近手掌),30.26,236.84,-26.23
128370,546,左手,4,小指,2,关节2(中间),43.44,236.06,-43.33
128370,546,左手,4,小指,3,关节3(指尖),60.86,241.59,-64.38
128371,546,左手,0,拇指,1,关节1(靠近手掌),-26.98,236.72,22.97
128371,546,左手,0,拇指,2,关节2(中间),-43.47,260.21,-13.53
128371,546,左手,0,拇指,3,关节3(指尖),-52.22,280.07,-50.79
128371,546,左手,1,食指,1,关节1(靠近手掌),-17.77,261.53,-46.52
128371,546,左手,1,食指,2,关节2(中间),-17.53,274.99,-74.98
128371,546,左手,1,食指,3,关节3(指尖),-14.72,300.18,-102.28
128371,546,左手,2,中指,1,关节1(靠近手掌),-2.28,252.75,-46.61
128371,546,左手,2,中指,2,关节2(中间),3.52,262.23,-81.10
128371,546,左手,2,中指,3,关节3(指尖),13.10,281.28,-120.92
128371,546,左手,3,无名指,1,关节1(靠近手掌),16.71,243.32,-39.17
128371,546,左手,3,无名指,2,关节2(中间),15.49,252.38,-75.17
128371,546,左手,3,无名指,3,关节3(指尖),15.85,267.47,-106.91
128371,546,左手,4,小指,1,关节1(靠近手掌),31.10,236.52,-26.35
128371,546,左手,4,小指,2,关节2(中间),44.34,235.76,-43.34
128371,546,左手,4,小指,3,关节3(指尖),61.82,241.41,-64.25
128372,546,左手,0,拇指,1,关节1(靠近手掌),-26.21,236.68,22.84
128372,546,左手,0,拇指,2,关节2(中间),-42.69,260.15,-13.67
128372,546,左手,0,拇指,3,关节3(指尖),-51.45,279.93,-50.91
128372,546,左手,1,食指,1,关节1(靠近手掌),-17.01,261.33,-46.69
128372,546,左手,1,食指,2,关节2(中间),-16.68,274.71,-75.19
128372,546,左手,1,食指,3,关节3(指尖),-13.66,299.75,-102.53
128372,546,左手,2,中指,1,关节1(靠近手掌),-1.54,252.49,-46.77
128372,546,左手,2,中指,2,关节2(中间),4.27,261.88,-81.23
128372,546,左手,2,中指,3,关节3(指尖),13.86,280.80,-121.10
128372,546,左手,3,无名指,1,关节1(靠近手掌),17.44,243.03,-39.31
128372,546,左手,3,无名指,2,关节2(中间),16.19,252.03,-75.40
128372,546,左手,3,无名指,3,关节3(指尖),16.55,267.04,-107.26
128372,546,左手,4,小指,1,关节1(靠近手掌),31.85,236.22,-26.49
128372,546,左手,4,小指,2,关节2(中间),45.09,235.50,-43.43
128372,546,左手,4,小指,3,关节3(指尖),62.56,241.21,-64.31
128373,546,左手,0,拇指,1,关节1(靠近手掌),-25.61,236.77,22.61
128373,546,左手,0,拇指,2,关节2(中间),-42.04,260.22,-13.91
128373,546,左手,0,拇指,3,关节3(指尖),-50.82,279.90,-51.13
128373,546,左手,1,食指,1,关节1(靠近手掌),-16.39,261.22,-46.96
128373,546,左手,1,食指,2,关节2(中间),-15.96,274.53,-75.50
128373,546,左手,1,食指,3,关节3(指尖),-12.72,299.56,-102.82
128373,546,左手,2,中指,1,关节1(靠近手掌),-0.95,252.32,-47.03
128373,546,左手,2,中指,2,关节2(中间),4.81,261.69,-81.49
128373,546,左手,2,中指,3,关节3(指尖),14.30,280.66,-121.42
128373,546,左手,3,无名指,1,关节1(靠近手掌),18.03,242.82,-39.57
128373,546,左手,3,无名指,2,关节2(中间),16.76,251.72,-75.71
128373,546,左手,3,无名指,3,关节3(指尖),17.13,266.68,-107.66
128373,546,左手,4,小指,1,关节1(靠近手掌),32.44,235.99,-26.72
128373,546,左手,4,小指,2,关节2(中间),45.69,235.32,-43.66
128373,546,左手,4,小指,3,关节3(指尖),63.13,241.13,-64.52
128374,546,左手,0,拇指,1,关节1(靠近手掌),-25.49,237.02,22.26
128374,546,左手,0,拇指,2,关节2(中间),-41.73,260.48,-14.29
128374,546,左手,0,拇指,3,关节3(指尖),-50.33,280.05,-51.52
128374,546,左手,1,食指,1,关节1(靠近手掌),-16.25,261.17,-47.39
128374,546,左手,1,食指,2,关节2(中间),-15.52,274.43,-75.95
128374,546,左手,1,食指,3,关节3(指尖),-11.74,299.47,-103.14
128374,546,左手,2,中指,1,关节1(靠近手掌),-0.86,252.18,-47.45
128374,546,左手,2,中指,2,关节2(中间),4.76,261.46,-81.96
128374,546,左手,2,中指,3,关节3(指尖),14.10,280.49,-122.01
128374,546,左手,3,无名指,1,关节1(靠近手掌),18.09,242.58,-39.97
128374,546,左手,3,无名指,2,关节2(中间),16.81,251.53,-76.11
128374,546,左手,3,无名指,3,关节3(指尖),17.26,266.63,-108.04
128374,546,左手,4,小指,1,关节1(靠近手掌),32.50,235.70,-27.11
128374,546,左手,4,小指,2,关节2(中间),45.75,235.24,-44.04
128374,546,左手,4,小指,3,关节3(指尖),63.06,241.45,-64.86
128375,546,左手,0,拇指,1,关节1(靠近手掌),-25.54,237.08,22.05
128375,546,左手,0,拇指,2,关节2(中间),-41.60,260.50,-14.59
128375,546,左手,0,拇指,3,关节3(指尖),-49.91,280.00,-51.84
128375,546,左手,1,食指,1,关节1(靠近手掌),-16.45,261.03,-47.77
128375,546,左手,1,食指,2,关节2(中间),-15.60,274.22,-76.39
128375,546,左手,1,食指,3,关节3(指尖),-11.55,299.33,-103.41
128375,546,左手,2,中指,1,关节1(靠近手掌),-1.09,252.00,-47.85
128375,546,左手,2,中指,2,关节2(中间),4.31,261.33,-82.48
128375,546,左手,2,中指,3,关节3(指尖),13.49,280.45,-122.56
128375,546,左手,3,无名指,1,关节1(靠近手掌),17.84,242.40,-40.39
128375,546,左手,3,无名指,2,关节2(中间),16.49,251.35,-76.58
128375,546,左手,3,无名指,3,关节3(指尖),16.98,266.52,-108.55
128375,546,左手,4,小指,1,关节1(靠近手掌),32.26,235.54,-27.49
128375,546,左手,4,小指,2,关节2(中间),45.43,235.17,-44.51
128375,546,左手,4,小指,3,关节3(指尖),62.44,241.62,-65.33
128376,546,左手,0,拇指,1,关节1(靠近手掌),-25.70,236.94,21.77
128376,546,左手,0,拇指,2,关节2(中间),-41.76,260.31,-14.93
128376,546,左手,0,拇指,3,关节3(指尖),-49.97,279.77,-52.27
128376,546,左手,1,食指,1,关节1(靠近手掌),-16.70,260.64,-48.20
128376,546,左手,1,食指,2,关节2(中间),-15.81,273.78,-76.88
128376,546,左手,1,食指,3,关节3(指尖),-11.68,298.95,-103.78
128376,546,左手,2,中指,1,关节1(靠近手掌),-1.36,251.66,-48.26
128376,546,左手,2,中指,2,关节2(中间),3.92,261.06,-82.95
128376,546,左手,2,中指,3,关节3(指尖),12.98,280.27,-122.99
128376,546,左手,3,无名指,1,关节1(靠近手掌),17.57,242.13,-40.80
128376,546,左手,3,无名指,2,关节2(中间),16.19,251.06,-77.00
128376,546,左手,3,无名指,3,关节3(指尖),16.68,266.29,-108.95
128376,546,左手,4,小指,1,关节1(靠近手掌),32.01,235.30,-27.87
128376,546,左手,4,小指,2,关节2(中间),45.17,235.03,-44.93
128376,546,左手,4,小指,3,关节3(指尖),62.11,241.73,-65.70
128377,546,左手,0,拇指,1,关节1(靠近手掌),-25.89,236.91,21.58
128377,546,左手,0,拇指,2,关节2(中间),-41.93,260.28,-15.21
128377,546,左手,0,拇指,3,关节3(指尖),-50.00,279.70,-52.56
128377,546,左手,1,食指,1,关节1(靠近手掌),-16.95,260.38,-48.57
128377,546,左手,1,食指,2,关节2(中间),-15.98,273.49,-77.32
128377,546,左手,1,食指,3,关节3(指尖),-11.70,298.71,-104.16
128377,546,左手,2,中指,1,关节1(靠近手掌),-1.64,251.43,-48.65
128377,546,左手,2,中指,2,关节2(中间),3.66,260.83,-83.39
128377,546,左手,2,中指,3,关节3(指尖),12.73,280.05,-123.50
128377,546,左手,3,无名指,1,关节1(靠近手掌),17.28,241.94,-41.18
128377,546,左手,3,无名指,2,关节2(中间),15.80,250.77,-77.50
128377,546,左手,3,无名指,3,关节3(指尖),16.20,265.92,-109.70
128377,546,左手,4,小指,1,关节1(靠近手掌),31.72,235.16,-28.23
128377,546,左手,4,小指,2,关节2(中间),44.89,235.01,-45.39
128377,546,左手,4,小指,3,关节3(指尖),61.78,241.99,-66.19
128378,546,左手,0,拇指,1,关节1(靠近手掌),-25.95,236.77,21.44
128378,546,左手,0,拇指,2,关节2(中间),-42.02,260.07,-15.44
128378,546,左手,0,拇指,3,关节3(指尖),-49.97,279.38,-52.94
128378,546,左手,1,食指,1,关节1(靠近手掌),-17.14,260.00,-48.89
128378,546,左手,1,食指,2,关节2(中间),-16.11,273.00,-77.72
128378,546,左手,1,食指,3,关节3(指尖),-11.77,298.07,-104.73
128378,546,左手,2,中指,1,关节1(靠近手掌),-1.86,251.13,-48.97
128378,546,左手,2,中指,2,关节2(中间),3.42,260.59,-83.76
128378,546,左手,2,中指,3,关节3(指尖),12.45,279.77,-123.90
128378,546,左手,3,无名指,1,关节1(靠近手掌),17.07,241.73,-41.53
128378,546,左手,3,无名指,2,关节2(中间),15.49,250.39,-77.98
128378,546,左手,3,无名指,3,关节3(指尖),15.78,265.39,-110.38
128378,546,左手,4,小指,1,关节1(靠近手掌),31.53,235.01,-28.57
128378,546,左手,4,小指,2,关节2(中间),44.68,234.98,-45.86
128378,546,左手,4,小指,3,关节3(指尖),61.44,242.05,-66.73
128379,546,左手,0,拇指,1,关节1(靠近手掌),-25.73,236.77,21.34
128379,546,左手,0,拇指,2,关节2(中间),-41.90,259.86,-15.62
128379,546,左手,0,拇指,3,关节3(指尖),-49.85,279.07,-53.25
128379,546,左手,1,食指,1,关节1(靠近手掌),-17.19,259.55,-49.15
128379,546,左手,1,食指,2,关节2(中间),-16.12,272.38,-78.03
128379,546,左手,1,食指,3,关节3(指尖),-11.70,297.25,-105.19
128379,546,左手,2,中指,1,关节1(靠近手掌),-1.92,250.70,-49.23
128379,546,左手,2,中指,2,关节2(中间),3.35,260.19,-83.97
128379,546,左手,2,中指,3,关节3(指尖),12.43,279.40,-124.03
128379,546,左手,3,无名指,1,关节1(靠近手掌),17.05,241.39,-41.81
128379,546,左手,3,无名指,2,关节2(中间),15.32,249.63,-78.36
128379,546,左手,3,无名指,3,关节3(指尖),15.43,264.28,-110.98
128379,546,左手,4,小指,1,关节1(靠近手掌),31.57,234.77,-28.88
128379,546,左手,4,小指,2,关节2(中间),44.75,234.75,-46.22
128379,546,左手,4,小指,3,关节3(指尖),61.52,241.88,-67.08
128380,546,左手,0,拇指,1,关节1(靠近手掌),-25.28,236.65,21.30
128380,546,左手,0,拇指,2,关节2(中间),-41.54,259.47,-15.71
128380,546,左手,0,拇指,3,关节3(指尖),-49.54,278.40,-53.37
128380,546,左手,1,食指,1,关节1(靠近手掌),-17.02,259.04,-49.30
128380,546,左手,1,食指,2,关节2(中间),-15.87,271.69,-78.22
128380,546,左手,1,食指,3,关节3(指尖),-11.22,296.35,-105.45
128380,546,左手,2,中指,1,关节1(靠近手掌),-1.74,250.15,-49.37
128380,546,左手,2,中指,2,关节2(中间),3.52,259.53,-84.14
128380,546,左手,2,中指,3,关节3(指尖),12.72,278.84,-124.11
128380,546,左手,3,无名指,1,关节1(靠近手掌),17.26,240.87,-41.96
128380,546,左手,3,无名指,2,关节2(中间),15.49,248.98,-78.56
128380,546,左手,3,无名指,3,关节3(指尖),15.65,263.68,-111.25
128380,546,左手,4,小指,1,关节1(靠近手掌),31.83,234.34,-29.07
128380,546,左手,4,小指,2,关节2(中间),45.05,234.24,-46.41
128380,546,左手,4,小指,3,关节3(指尖),61.92,241.43,-67.37
128381,546,左手,0,拇指,1,关节1(靠近手掌),-24.73,236.61,21.07
128381,546,左手,0,拇指,2,关节2(中间),-41.16,259.18,-15.95
128381,546,左手,0,拇指,3,关节3(指尖),-49.36,277.97,-53.49
128381,546,左手,1,食指,1,关节1(靠近手掌),-16.81,258.48,-49.62
128381,546,左手,1,食指,2,关节2(中间),-15.52,270.98,-78.49
128381,546,左手,1,食指,3,关节3(指尖),-10.66,295.43,-105.66
128381,546,左手,2,中指,1,关节1(靠近手掌),-1.48,249.51,-49.67
128381,546,左手,2,中指,2,关节2(中间),3.78,258.78,-84.39
128381,546,左手,2,中指,3,关节3(指尖),13.04,278.03,-124.19
128381,546,左手,3,无名指,1,关节1(靠近手掌),17.58,240.26,-42.24
128381,546,左手,3,无名指,2,关节2(中间),15.76,248.18,-78.85
128381,546,左手,3,无名指,3,关节3(指尖),15.92,262.76,-111.49
128381,546,左手,4,小指,1,关节1(靠近手掌),32.22,233.84,-29.38
128381,546,左手,4,小指,2,关节2(中间),45.43,233.75,-46.71
128381,546,左手,4,小指,3,关节3(指尖),62.29,241.07,-67.69
128382,546,左手,0,拇指,1,关节1(靠近手掌),-24.14,236.63,20.89
128382,546,左手,0,拇指,2,关节2(中间),-40.79,259.09,-16.12
128382,546,左手,0,拇指,3,关节3(指尖),-49.29,277.72,-53.43
128382,546,左手,1,食指,1,关节1(靠近手掌),-16.48,257.98,-49.90
128382,546,左手,1,食指,2,关节2(中间),-15.11,270.31,-78.75
128382,546,左手,1,食指,3,关节3(指尖),-10.07,294.68,-105.88
128382,546,左手,2,中指,1,关节1(靠近手掌),-1.11,248.94,-49.93
128382,546,左手,2,中指,2,关节2(中间),4.20,257.98,-84.62
128382,546,左手,2,中指,3,关节3(指尖),13.52,277.11,-124.35
128382,546,左手,3,无名指,1,关节1(靠近手掌),17.99,239.72,-42.48
128382,546,左手,3,无名指,2,关节2(中间),16.15,247.58,-79.09
128382,546,左手,3,无名指,3,关节3(指尖),16.37,262.17,-111.68
128382,546,左手,4,小指,1,关节1(靠近手掌),32.68,233.40,-29.65
128382,546,左手,4,小指,2,关节2(中间),45.91,233.32,-46.97
128382,546,左手,4,小指,3,关节3(指尖),62.79,240.83,-67.99
128383,546,左手,0,拇指,1,关节1(靠近手掌),-23.60,236.51,20.77
128383,546,左手,0,拇指,2,关节2(中间),-40.37,258.83,-16.25
128383,546,左手,0,拇指,3,关节3(指尖),-49.07,277.35,-53.49
128383,546,左手,1,食指,1,关节1(靠近手掌),-16.07,257.57,-50.11
128383,546,左手,1,食指,2,关节2(中间),-14.66,269.81,-78.95
128383,546,左手,1,食指,3,关节3(指尖),-9.39,294.07,-106.04
128383,546,左手,2,中指,1,关节1(靠近手掌),-0.70,248.49,-50.14
128383,546,左手,2,中指,2,关节2(中间),4.56,257.44,-84.86
128383,546,左手,2,中指,3,关节3(指尖),13.87,276.52,-124.56
128383,546,左手,3,无名指,1,关节1(靠近手掌),18.41,239.28,-42.67
128383,546,左手,3,无名指,2,关节2(中间),16.56,247.04,-79.30
128383,546,左手,3,无名指,3,关节3(指尖),16.83,261.52,-111.86
128383,546,左手,4,小指,1,关节1(靠近手掌),33.13,232.99,-29.85
128383,546,左手,4,小指,2,关节2(中间),46.37,232.95,-47.21
128383,546,左手,4,小指,3,关节3(指尖),63.29,240.62,-68.36
128384,546,左手,0,拇指,1,关节1(靠近手掌),-23.14,236.40,20.52
128384,546,左手,0,拇指,2,关节2(中间),-39.92,258.65,-16.54
128384,546,左手,0,拇指,3,关节3(指尖),-48.57,277.08,-53.76
128384,546,左手,1,食指,1,关节1(靠近手掌),-15.70,257.16,-50.48
128384,546,左手,1,食指,2,关节2(中间),-14.23,269.27,-79.32
128384,546,左手,1,食指,3,关节3(指尖),-8.72,293.40,-106.35
128384,546,左手,2,中指,1,关节1(靠近手掌),-0.32,248.07,-50.48
128384,546,左手,2,中指,2,关节2(中间),4.89,256.97,-85.23
128384,546,左手,2,中指,3,关节3(指尖),14.19,276.03,-124.86
128384,546,左手,3,无名指,1,关节1(靠近手掌),18.79,238.88,-43.00
128384,546,左手,3,无名指,2,关节2(中间),16.86,246.53,-79.65
128384,546,左手,3,无名指,3,关节3(指尖),17.10,260.87,-112.24
128384,546,左手,4,小指,1,关节1(靠近手掌),33.52,232.64,-30.18
128384,546,左手,4,小指,2,关节2(中间),46.77,232.68,-47.62
128384,546,左手,4,小指,3,关节3(指尖),63.62,240.76,-68.74
128385,546,左手,0,拇指,1,关节1(靠近手掌),-22.93,236.58,19.96
128385,546,左手,0,拇指,2,关节2(中间),-39.81,258.55,-17.20
128385,546,左手,0,拇指,3,关节3(指尖),-48.41,276.83,-54.55
128385,546,左手,1,食指,1,关节1(靠近手掌),-15.83,256.77,-51.18
128385,546,左手,1,食指,2,关节2(中间),-14.19,268.68,-80.04
128385,546,左手,1,食指,3,关节3(指尖),-8.26,292.75,-106.99
128385,546,左手,2,中指,1,关节1(靠近手掌),-0.44,247.66,-51.18
128385,546,左手,2,中指,2,关节2(中间),4.69,256.58,-85.96
128385,546,左手,2,中指,3,关节3(指尖),14.06,275.87,-125.41
128385,546,左手,3,无名指,1,关节1(靠近手掌),18.71,238.50,-43.74
128385,546,左手,3,无名指,2,关节2(中间),16.52,246.01,-80.42
128385,546,左手,3,无名指,3,关节3(指尖),16.69,260.39,-112.96
128385,546,左手,4,小指,1,关节1(靠近手掌),33.50,232.33,-30.95
128385,546,左手,4,小指,2,关节2(中间),46.76,232.45,-48.53
128385,546,左手,4,小指,3,关节3(指尖),63.53,240.72,-69.56
128386,546,左手,0,拇指,1,关节1(靠近手掌),-22.93,236.77,19.44
128386,546,左手,0,拇指,2,关节2(中间),-39.80,258.54,-17.91
128386,546,左手,0,拇指,3,关节3(指尖),-48.14,276.69,-55.63
128386,546,左手,1,食指,1,关节1(靠近手掌),-16.07,256.32,-51.91
128386,546,左手,1,食指,2,关节2(中间),-14.28,268.06,-80.85
128386,546,左手,1,食指,3,关节3(指尖),-8.08,292.27,-107.72
128386,546,左手,2,中指,1,关节1(靠近手掌),-0.66,247.28,-51.88
128386,546,左手,2,中指,2,关节2(中间),4.41,256.18,-86.73
128386,546,左手,2,中指,3,关节3(指尖),13.86,275.81,-125.99
128386,546,左手,3,无名指,1,关节1(靠近手掌),18.53,238.25,-44.46
128386,546,左手,3,无名指,2,关节2(中间),16.21,245.58,-81.12
128386,546,左手,3,无名指,3,关节3(指尖),16.30,260.00,-113.64
128386,546,左手,4,小指,1,关节1(靠近手掌),33.38,232.19,-31.68
128386,546,左手,4,小指,2,关节2(中间),46.62,232.32,-49.42
128386,546,左手,4,小指,3,关节3(指尖),63.29,240.75,-70.47
128387,546,左手,0,拇指,1,关节1(靠近手掌),-23.28,236.99,18.84
128387,546,左手,0,拇指,2,关节2(中间),-40.28,258.72,-18.62
128387,546,左手,0,拇指,3,关节3(指尖),-48.66,276.76,-56.37
128387,546,左手,1,食指,1,关节1(靠近手掌),-16.67,256.29,-52.63
128387,546,左手,1,食指,2,关节2(中间),-14.75,267.88,-81.56
128387,546,左手,1,食指,3,关节3(指尖),-8.34,291.81,-108.41
128387,546,左手,2,中指,1,关节1(靠近手掌),-1.26,247.22,-52.60
128387,546,左手,2,中指,2,关节2(中间),3.75,256.06,-87.47
128387,546,左手,2,中指,3,关节3(指尖),13.13,275.77,-126.64
128387,546,左手,3,无名指,1,关节1(靠近手掌),17.94,238.19,-45.19
128387,546,左手,3,无名指,2,关节2(中间),15.43,245.43,-81.82
128387,546,左手,3,无名指,3,关节3(指尖),15.50,259.62,-114.33
128387,546,左手,4,小指,1,关节1(靠近手掌),32.83,232.18,-32.44
128387,546,左手,4,小指,2,关节2(中间),46.03,232.37,-50.24
128387,546,左手,4,小指,3,关节3(指尖),62.53,240.93,-71.40
128388,546,左手,0,拇指,1,关节1(靠近手掌),-23.58,237.10,18.35
128388,546,左手,0,拇指,2,关节2(中间),-40.66,258.80,-19.20
128388,546,左手,0,拇指,3,关节3(指尖),-49.13,276.81,-56.97
128388,546,左手,1,食指,1,关节1(靠近手掌),-17.14,256.14,-53.32
128388,546,左手,1,食指,2,关节2(中间),-15.13,267.62,-82.29
128388,546,左手,1,食指,3,关节3(指尖),-8.68,291.53,-109.09
128388,546,左手,2,中指,1,关节1(靠近手掌),-1.73,247.14,-53.28
128388,546,左手,2,中指,2,关节2(中间),3.32,256.00,-88.27
128388,546,左手,2,中指,3,关节3(指尖),12.74,275.76,-127.33
128388,546,左手,3,无名指,1,关节1(靠近手掌),17.47,238.21,-45.87
128388,546,左手,3,无名指,2,关节2(中间),14.94,245.42,-82.49
128388,546,左手,3,无名指,3,关节3(指尖),15.00,259.54,-114.96
128388,546,左手,4,小指,1,关节1(靠近手掌),32.38,232.26,-33.12
128388,546,左手,4,小指,2,关节2(中间),45.53,232.59,-51.08
128388,546,左手,4,小指,3,关节3(指尖),61.86,241.41,-72.40
128389,546,左手,0,拇指,1,关节1(靠近手掌),-23.91,237.45,18.06
128389,546,左手,0,拇指,2,关节2(中间),-41.03,259.04,-19.57
128389,546,左手,0,拇指,3,关节3(指尖),-49.54,276.93,-57.36
128389,546,左手,1,食指,1,关节1(靠近手掌),-17.60,256.13,-53.79
128389,546,左手,1,食指,2,关节2(中间),-15.51,267.53,-82.81
128389,546,左手,1,食指,3,关节3(指尖),-8.99,291.36,-109.61
128389,546,左手,2,中指,1,关节1(靠近手掌),-2.19,247.19,-53.74
128389,546,左手,2,中指,2,关节2(中间),2.85,255.96,-88.84
128389,546,左手,2,中指,3,关节3(指尖),12.25,275.68,-127.93
128389,546,左手,3,无名指,1,关节1(靠近手掌),17.01,238.35,-46.31
128389,546,左手,3,无名指,2,关节2(中间),14.38,245.52,-82.97
128389,546,左手,3,无名指,3,关节3(指尖),14.33,259.59,-115.42
128389,546,左手,4,小指,1,关节1(靠近手掌),31.92,232.49,-33.56
128389,546,左手,4,小指,2,关节2(中间),44.95,232.83,-51.64
128389,546,左手,4,小指,3,关节3(指尖),61.04,241.64,-73.23
128390,546,左手,0,拇指,1,关节1(靠近手掌),-24.04,237.77,17.92
128390,546,左手,0,拇指,2,关节2(中间),-41.24,259.21,-19.80
128390,546,左手,0,拇指,3,关节3(指尖),-49.75,276.94,-57.66
128390,546,左手,1,食指,1,关节1(靠近手掌),-17.93,256.03,-54.13
128390,546,左手,1,食指,2,关节2(中间),-15.72,267.29,-83.20
128390,546,左手,1,食指,3,关节3(指尖),-8.96,291.03,-110.01
128390,546,左手,2,中指,1,关节1(靠近手掌),-2.52,247.15,-54.06
128390,546,左手,2,中指,2,关节2(中间),2.50,255.83,-89.25
128390,546,左手,2,中指,3,关节3(指尖),11.86,275.42,-128.38
128390,546,左手,3,无名指,1,关节1(靠近手掌),16.70,238.45,-46.62
128390,546,左手,3,无名指,2,关节2(中间),14.07,245.55,-83.33
128390,546,左手,3,无名指,3,关节3(指尖),14.00,259.57,-115.78
128390,546,左手,4,小指,1,关节1(靠近手掌),31.64,232.69,-33.88
128390,546,左手,4,小指,2,关节2(中间),44.68,233.05,-52.03
128390,546,左手,4,小指,3,关节3(指尖),60.78,241.86,-73.64
128391,546,左手,0,拇指,1,关节1(靠近手掌),-24.04,238.02,17.85
128391,546,左手,0,拇指,2,关节2(中间),-41.30,259.23,-19.95
128391,546,左手,0,拇指,3,关节3(指尖),-49.81,276.81,-57.87
128391,546,左手,1,食指,1,关节1(靠近手掌),-18.14,255.86,-54.31
128391,546,左手,1,食指,2,关节2(中间),-15.80,267.08,-83.38
128391,546,左手,1,食指,3,关节3(指尖),-8.85,290.81,-110.04
128391,546,左手,2,中指,1,关节1(靠近手掌),-2.69,246.97,-54.21
128391,546,左手,2,中指,2,关节2(中间),2.33,255.45,-89.39
128391,546,左手,2,中指,3,关节3(指尖),11.69,274.73,-128.53
128391,546,左手,3,无名指,1,关节1(靠近手掌),16.55,238.33,-46.76
128391,546,左手,3,无名指,2,关节2(中间),13.97,245.26,-83.44
128391,546,左手,3,无名指,3,关节3(指尖),13.91,259.13,-115.88
128391,546,左手,4,小指,1,关节1(靠近手掌),31.53,232.69,-34.03
128391,546,左手,4,小指,2,关节2(中间),44.59,233.03,-52.14
128391,546,左手,4,小指,3,关节3(指尖),60.75,241.84,-73.74
128392,546,左手,0,拇指,1,关节1(靠近手掌),-23.82,238.27,17.82
128392,546,左手,0,拇指,2,关节2(中间),-41.15,259.32,-19.98
128392,546,左手,0,拇指,3,关节3(指尖),-49.69,276.79,-57.80
128392,546,左手,1,食指,1,关节1(靠近手掌),-18.12,255.67,-54.44
128392,546,左手,1,食指,2,关节2(中间),-15.64,266.90,-83.46
128392,546,左手,1,食指,3,关节3(指尖),-8.41,290.74,-109.79
128392,546,左手,2,中指,1,关节1(靠近手掌),-2.63,246.76,-54.29
128392,546,左手,2,中指,2,关节2(中间),2.42,255.12,-89.45
128392,546,左手,2,中指,3,关节3(指尖),11.81,274.24,-128.56
128392,546,左手,3,无名指,1,关节1(靠近手掌),16.64,238.18,-46.82
128392,546,左手,3,无名指,2,关节2(中间),14.11,244.86,-83.48
128392,546,左手,3,无名指,3,关节3(指尖),14.07,258.56,-115.97
128392,546,左手,4,小指,1,关节1(靠近手掌),31.65,232.65,-34.09
128392,546,左手,4,小指,2,关节2(中间),44.74,232.91,-52.17
128392,546,左手,4,小指,3,关节3(指尖),61.02,241.63,-73.80
128393,546,左手,0,拇指,1,关节1(靠近手掌),-23.43,238.48,17.62
128393,546,左手,0,拇指,2,关节2(中间),-40.82,259.41,-20.17
128393,546,左手,0,拇指,3,关节3(指尖),-49.51,276.79,-57.89
128393,546,左手,1,食指,1,关节1(靠近手掌),-17.84,255.57,-54.70
128393,546,左手,1,食指,2,关节2(中间),-15.26,266.76,-83.68
128393,546,左手,1,食指,3,关节3(指尖),-7.90,290.67,-109.81
128393,546,左手,2,中指,1,关节1(靠近手掌),-2.30,246.64,-54.50
128393,546,左手,2,中指,2,关节2(中间),2.81,254.89,-89.63
128393,546,左手,2,中指,3,关节3(指尖),12.29,273.91,-128.69
128393,546,左手,3,无名指,1,关节1(靠近手掌),16.99,238.11,-46.99
128393,546,左手,3,无名指,2,关节2(中间),14.49,244.75,-83.65
128393,546,左手,3,无名指,3,关节3(指尖),14.45,258.43,-116.12
128393,546,左手,4,小指,1,关节1(靠近手掌),32.02,232.67,-34.27
128393,546,左手,4,小指,2,关节2(中间),45.13,232.86,-52.29
128393,546,左手,4,小指,3,关节3(指尖),61.50,241.42,-73.97
128394,546,左手,0,拇指,1,关节1(靠近手掌),-23.02,238.64,17.57
128394,546,左手,0,拇指,2,关节2(中间),-40.42,259.46,-20.28
128394,546,左手,0,拇指,3,关节3(指尖),-49.00,276.76,-58.03
128394,546,左手,1,食指,1,关节1(靠近手掌),-17.48,255.48,-54.80
128394,546,左手,1,食指,2,关节2(中间),-14.74,266.65,-83.75
128394,546,左手,1,食指,3,关节3(指尖),-6.97,290.60,-109.75
128394,546,左手,2,中指,1,关节1(靠近手掌),-1.94,246.53,-54.57
128394,546,左手,2,中指,2,关节2(中间),3.22,254.75,-89.67
128394,546,左手,2,中指,3,关节3(指尖),12.84,273.80,-128.64
128394,546,左手,3,无名指,1,关节1(靠近手掌),17.36,238.00,-47.04
128394,546,左手,3,无名指,2,关节2(中间),14.87,244.64,-83.69
128394,546,左手,3,无名指,3,关节3(指尖),14.88,258.39,-116.11
128394,546,左手,4,小指,1,关节1(靠近手掌),32.39,232.61,-34.32
128394,546,左手,4,小指,2,关节2(中间),45.52,232.67,-52.31
128394,546,左手,4,小指,3,关节3(指尖),61.95,241.14,-74.00
128395,546,左手,0,拇指,1,关节1(靠近手掌),-22.63,238.68,17.50
128395,546,左手,0,拇指,2,关节2(中间),-40.03,259.44,-20.38
128395,546,左手,0,拇指,3,关节3(指尖),-48.50,276.70,-58.14
128395,546,左手,1,食指,1,关节1(靠近手掌),-17.11,255.38,-54.89
128395,546,左手,1,食指,2,关节2(中间),-14.28,266.53,-83.83
128395,546,左手,1,食指,3,关节3(指尖),-6.33,290.50,-109.75
128395,546,左手,2,中指,1,关节1(靠近手掌),-1.58,246.42,-54.65
128395,546,左手,2,中指,2,关节2(中间),3.66,254.63,-89.74
128395,546,左手,2,中指,3,关节3(指尖),13.48,273.73,-128.60
128395,546,左手,3,无名指,1,关节1(靠近手掌),17.71,237.87,-47.11
128395,546,左手,3,无名指,2,关节2(中间),15.22,244.54,-83.78
128395,546,左手,3,无名指,3,关节3(指尖),15.25,258.34,-116.16
128395,546,左手,4,小指,1,关节1(靠近手掌),32.75,232.50,-34.40
128395,546,左手,4,小指,2,关节2(中间),45.89,232.50,-52.37
128395,546,左手,4,小指,3,关节3(指尖),62.34,240.96,-74.05
128396,546,左手,0,拇指,1,关节1(靠近手掌),-22.22,238.83,17.52
128396,546,左手,0,拇指,2,关节2(中间),-39.60,259.58,-20.40
128396,546,左手,0,拇指,3,关节3(指尖),-47.97,276.80,-58.27
128396,546,左手,1,食指,1,关节1(靠近手掌),-16.70,255.45,-54.90
128396,546,左手,1,食指,2,关节2(中间),-13.79,266.60,-83.84
128396,546,左手,1,食指,3,关节3(指尖),-5.71,290.61,-109.74
128396,546,左手,2,中指,1,关节1(靠近手掌),-1.19,246.47,-54.66
128396,546,左手,2,中指,2,关节2(中间),4.08,254.71,-89.77
128396,546,左手,2,中指,3,关节3(指尖),13.94,273.86,-128.59
128396,546,左手,3,无名指,1,关节1(靠近手掌),18.10,237.91,-47.13
128396,546,左手,3,无名指,2,关节2(中间),15.57,244.56,-83.82
128396,546,左手,3,无名指,3,关节3(指尖),15.61,258.40,-116.22
128396,546,左手,4,小指,1,关节1(靠近手掌),33.13,232.53,-34.42
128396,546,左手,4,小指,2,关节2(中间),46.29,232.50,-52.42
128396,546,左手,4,小指,3,关节3(指尖),62.78,240.95,-74.09
128397,546,左手,0,拇指,1,关节1(靠近手掌),-22.00,239.08,17.51
128397,546,左手,0,拇指,2,关节2(中间),-39.36,259.89,-20.43
128397,546,左手,0,拇指,3,关节3(指尖),-47.47,277.17,-58.35
128397,546,左手,1,食指,1,关节1(靠近手掌),-16.52,255.68,-54.92
128397,546,左手,1,食指,2,关节2(中间),-13.46,266.80,-83.85
128397,546,左手,1,食指,3,关节3(指尖),-5.20,290.66,-109.72
128397,546,左手,2,中指,1,关节1(靠近手掌),-1.01,246.69,-54.69
128397,546,左手,2,中指,2,关节2(中间),4.32,254.96,-89.79
128397,546,左手,2,中指,3,关节3(指尖),14.29,274.11,-128.55
128397,546,左手,3,无名指,1,关节1(靠近手掌),18.25,238.11,-47.17
128397,546,左手,3,无名指,2,关节2(中间),15.66,244.79,-83.87
128397,546,左手,3,无名指,3,关节3(指尖),15.75,258.63,-116.24
128397,546,左手,4,小指,1,关节1(靠近手掌),33.28,232.72,-34.49
128397,546,左手,4,小指,2,关节2(中间),46.35,232.72,-52.52
128397,546,左手,4,小指,3,关节3(指尖),62.60,241.18,-74.21
128398,546,左手,0,拇指,1,关节1(靠近手掌),-21.79,239.33,17.58
128398,546,左手,0,拇指,2,关节2(中间),-39.14,260.17,-20.39
128398,546,左手,0,拇指,3,关节3(指尖),-47.24,277.45,-58.40
128398,546,左手,1,食指,1,关节1(靠近手掌),-16.30,255.93,-54.88
128398,546,左手,1,食指,2,关节2(中间),-13.18,267.04,-83.82
128398,546,左手,1,食指,3,关节3(指尖),-4.88,290.85,-109.71
128398,546,左手,2,中指,1,关节1(靠近手掌),-0.83,246.94,-54.66
128398,546,左手,2,中指,2,关节2(中间),4.54,255.27,-89.79
128398,546,左手,2,中指,3,关节3(指尖),14.55,274.47,-128.48
128398,546,左手,3,无名指,1,关节1(靠近手掌),18.41,238.34,-47.17
128398,546,左手,3,无名指,2,关节2(中间),15.82,245.03,-83.87
128398,546,左手,3,无名指,3,关节3(指尖),15.92,258.87,-116.20
128398,546,左手,4,小指,1,关节1(靠近手掌),33.42,232.92,-34.51
128398,546,左手,4,小指,2,关节2(中间),46.41,232.94,-52.59
128398,546,左手,4,小指,3,关节3(指尖),62.52,241.39,-74.25
128399,546,左手,0,拇指,1,关节1(靠近手掌),-21.64,239.56,17.76
128399,546,左手,0,拇指,2,关节2(中间),-38.98,260.43,-20.24
128399,546,左手,0,拇指,3,关节3(指尖),-47.09,277.71,-58.29
128399,546,左手,1,食指,1,关节1(靠近手掌),-16.15,256.15,-54.74
128399,546,左手,1,食指,2,关节2(中间),-12.99,267.25,-83.67
128399,546,左手,1,食指,3,关节3(指尖),-4.65,291.03,-109.51
128399,546,左手,2,中指,1,关节1(靠近手掌),-0.71,247.14,-54.53
128399,546,左手,2,中指,2,关节2(中间),4.72,255.50,-89.66
128399,546,左手,2,中指,3,关节3(指尖),14.81,274.71,-128.29
128399,546,左手,3,无名指,1,关节1(靠近手掌),18.51,238.52,-47.04
128399,546,左手,3,无名指,2,关节2(中间),15.91,245.20,-83.76
128399,546,左手,3,无名指,3,关节3(指尖),16.02,259.01,-116.10
128399,546,左手,4,小指,1,关节1(靠近手掌),33.52,233.10,-34.40
128399,546,左手,4,小指,2,关节2(中间),46.44,233.09,-52.51
128399,546,左手,4,小指,3,关节3(指尖),62.49,241.42,-74.23
128400,546,左手,0,拇指,1,关节1(靠近手掌),-21.47,239.79,17.92
128400,546,左手,0,拇指,2,关节2(中间),-38.77,260.66,-20.12
128400,546,左手,0,拇指,3,关节3(指尖),-46.90,277.91,-58.20
128400,546,左手,1,食指,1,关节1(靠近手掌),-15.99,256.32,-54.61
128400,546,左手,1,食指,2,关节2(中间),-12.81,267.43,-83.54
128400,546,左手,1,食指,3,关节3(指尖),-4.44,291.21,-109.34
128400,546,左手,2,中指,1,关节1(靠近手掌),-0.58,247.29,-54.41
128400,546,左手,2,中指,2,关节2(中间),4.92,255.68,-89.55
128400,546,左手,2,中指,3,关节3(指尖),15.13,274.89,-128.12
128400,546,左手,3,无名指,1,关节1(靠近手掌),18.63,238.66,-46.93
128400,546,左手,3,无名指,2,关节2(中间),16.00,245.35,-83.68
128400,546,左手,3,无名指,3,关节3(指尖),16.12,259.14,-116.02
128400,546,左手,4,小指,1,关节1(靠近手掌),33.62,233.22,-34.28
128400,546,左手,4,小指,2,关节2(中间),46.52,233.20,-52.42
128400,546,左手,4,小指,3,关节3(指尖),62.57,241.46,-74.16
128401,546,左手,0,拇指,1,关节1(靠近手掌),-21.28,239.96,18.19
128401,546,左手,0,拇指,2,关节2(中间),-38.55,260.81,-19.87
128401,546,左手,0,拇指,3,关节3(指尖),-46.65,278.02,-57.98
128401,546,左手,1,食指,1,关节1(靠近手掌),-15.83,256.43,-54.38
128401,546,左手,1,食指,2,关节2(中间),-12.61,267.53,-83.31
128401,546,左手,1,食指,3,关节3(指尖),-4.10,291.30,-109.06
128401,546,左手,2,中指,1,关节1(靠近手掌),-0.44,247.38,-54.19
128401,546,左手,2,中指,2,关节2(中间),5.11,255.79,-89.32
128401,546,左手,2,中指,3,关节3(指尖),15.44,274.99,-127.85
128401,546,左手,3,无名指,1,关节1(靠近手掌),18.74,238.72,-46.71
128401,546,左手,3,无名指,2,关节2(中间),16.08,245.41,-83.49
128401,546,左手,3,无名指,3,关节3(指尖),16.21,259.15,-115.86
128401,546,左手,4,小指,1,关节1(靠近手掌),33.73,233.27,-34.07
128401,546,左手,4,小指,2,关节2(中间),46.61,233.26,-52.22
128401,546,左手,4,小指,3,关节3(指尖),62.65,241.46,-73.97
128402,546,左手,0,拇指,1,关节1(靠近手掌),-20.90,239.96,18.45
128402,546,左手,0,拇指,2,关节2(中间),-38.22,260.78,-19.63
128402,546,左手,0,拇指,3,关节3(指尖),-46.39,277.93,-57.74
128402,546,左手,1,食指,1,关节1(靠近手掌),-15.52,256.39,-54.15
128402,546,左手,1,食指,2,关节2(中间),-12.30,267.50,-83.09
128402,546,左手,1,食指,3,关节3(指尖),-3.79,291.31,-108.75
128402,546,左手,2,中指,1,关节1(靠近手掌),-0.15,247.35,-53.97
128402,546,左手,2,中指,2,关节2(中间),5.39,255.79,-89.13
128402,546,左手,2,中指,3,关节3(指尖),15.64,275.01,-127.61
128402,546,左手,3,无名指,1,关节1(靠近手掌),19.03,238.71,-46.51
128402,546,左手,3,无名指,2,关节2(中间),16.40,245.37,-83.28
128402,546,左手,3,无名指,3,关节3(指尖),16.56,259.11,-115.62
128402,546,左手,4,小指,1,关节1(靠近手掌),34.03,233.27,-33.88
128402,546,左手,4,小指,2,关节2(中间),46.90,233.26,-52.05
128402,546,左手,4,小指,3,关节3(指尖),62.92,241.45,-73.83
128403,546,左手,0,拇指,1,关节1(靠近手掌),-20.40,239.93,18.56
128403,546,左手,0,拇指,2,关节2(中间),-37.87,260.71,-19.49
128403,546,左手,0,拇指,3,关节3(指尖),-46.21,277.89,-57.57
128403,546,左手,1,食指,1,关节1(靠近手掌),-15.07,256.34,-54.04
128403,546,左手,1,食指,2,关节2(中间),-11.90,267.49,-82.98
128403,546,左手,1,食指,3,关节3(指尖),-3.43,291.41,-108.61
128403,546,左手,2,中指,1,关节1(靠近手掌),0.31,247.34,-53.86
128403,546,左手,2,中指,2,关节2(中间),5.78,255.86,-89.04
128403,546,左手,2,中指,3,关节3(指尖),15.87,275.21,-127.44
128403,546,左手,3,无名指,1,关节1(靠近手掌),19.50,238.72,-46.42
128403,546,左手,3,无名指,2,关节2(中间),16.89,245.42,-83.16
128403,546,左手,3,无名指,3,关节3(指尖),17.06,259.25,-115.35
128403,546,左手,4,小指,1,关节1(靠近手掌),34.52,233.31,-33.80
128403,546,左手,4,小指,2,关节2(中间),47.35,233.34,-51.99
128403,546,左手,4,小指,3,关节3(指尖),63.30,241.59,-73.75
128404,546,左手,0,拇指,1,关节1(靠近手掌),-19.88,239.83,18.64
128404,546,左手,0,拇指,2,关节2(中间),-37.39,260.60,-19.39
128404,546,左手,0,拇指,3,关节3(指尖),-45.75,277.79,-57.44
128404,546,左手,1,食指,1,关节1(靠近手掌),-14.62,256.26,-53.96
128404,546,左手,1,食指,2,关节2(中间),-11.47,267.44,-82.87
128404,546,左手,1,食指,3,关节3(指尖),-3.01,291.52,-108.39
128404,546,左手,2,中指,1,关节1(靠近手掌),0.77,247.26,-53.79
128404,546,左手,2,中指,2,关节2(中间),6.27,255.86,-88.95
128404,546,左手,2,中指,3,关节3(指尖),16.45,275.35,-127.17
128404,546,左手,3,无名指,1,关节1(靠近手掌),19.97,238.66,-46.37
128404,546,左手,3,无名指,2,关节2(中间),17.36,245.42,-83.09
128404,546,左手,3,无名指,3,关节3(指尖),17.56,259.35,-115.16
128404,546,左手,4,小指,1,关节1(靠近手掌),34.99,233.25,-33.77
128404,546,左手,4,小指,2,关节2(中间),47.79,233.36,-51.97
128404,546,左手,4,小指,3,关节3(指尖),63.67,241.73,-73.67
128405,546,左手,0,拇指,1,关节1(靠近手掌),-19.38,239.72,18.80
128405,546,左手,0,拇指,2,关节2(中间),-36.95,260.49,-19.18
128405,546,左手,0,拇指,3,关节3(指尖),-45.38,277.70,-57.14
128405,546,左手,1,食指,1,关节1(靠近手掌),-14.19,256.13,-53.81
128405,546,左手,1,食指,2,关节2(中间),-11.13,267.34,-82.71
128405,546,左手,1,食指,3,关节3(指尖),-2.70,291.57,-108.22
128405,546,左手,2,中指,1,关节1(靠近手掌),1.19,247.13,-53.66
128405,546,左手,2,中指,2,关节2(中间),6.75,255.80,-88.80
128405,546,左手,2,中指,3,关节3(指尖),17.07,275.54,-126.85
128405,546,左手,3,无名指,1,关节1(靠近手掌),20.39,238.53,-46.26
128405,546,左手,3,无名指,2,关节2(中间),17.77,245.34,-82.96
128405,546,左手,3,无名指,3,关节3(指尖),17.98,259.37,-115.01
128405,546,左手,4,小指,1,关节1(靠近手掌),35.42,233.12,-33.67
128405,546,左手,4,小指,2,关节2(中间),48.18,233.29,-51.90
128405,546,左手,4,小指,3,关节3(指尖),63.99,241.78,-73.56
128406,546,左手,0,拇指,1,关节1(靠近手掌),-18.89,239.57,18.91
128406,546,左手,0,拇指,2,关节2(中间),-36.45,260.35,-19.05
128406,546,左手,0,拇指,3,关节3(指尖),-44.88,277.57,-57.00
128406,546,左手,1,食指,1,关节1(靠近手掌),-13.83,255.96,-53.71
128406,546,左手,1,食指,2,关节2(中间),-10.87,267.23,-82.58
128406,546,左手,1,食指,3,关节3(指尖),-2.47,291.60,-108.01
128406,546,左手,2,中指,1,关节1(靠近手掌),1.54,246.96,-53.58
128406,546,左手,2,中指,2,关节2(中间),7.13,255.72,-88.71
128406,546,左手,2,中指,3,关节3(指尖),17.50,275.82,-126.55
128406,546,左手,3,无名指,1,关节1(靠近手掌),20.74,238.35,-46.21
128406,546,左手,3,无名指,2,关节2(中间),18.09,245.22,-82.89
128406,546,左手,3,无名指,3,关节3(指尖),18.34,259.39,-114.89
128406,546,左手,4,小指,1,关节1(靠近手掌),35.79,232.94,-33.65
128406,546,左手,4,小指,2,关节2(中间),48.48,233.17,-51.91
128406,546,左手,4,小指,3,关节3(指尖),64.13,241.78,-73.49
128407,546,左手,0,拇指,1,关节1(靠近手掌),-18.55,239.40,18.88
128407,546,左手,0,拇指,2,关节2(中间),-36.17,260.20,-19.07
128407,546,左手,0,拇指,3,关节3(指尖),-44.80,277.43,-56.90
128407,546,左手,1,食指,1,关节1(靠近手掌),-13.58,255.80,-53.72
128407,546,左手,1,食指,2,关节2(中间),-10.67,267.07,-82.54
128407,546,左手,1,食指,3,关节3(指尖),-2.34,291.37,-108.00
128407,546,左手,2,中指,1,关节1(靠近手掌),1.79,246.80,-53.61
128407,546,左手,2,中指,2,关节2(中间),7.41,255.56,-88.70
128407,546,左手,2,中指,3,关节3(指尖),17.80,275.64,-126.52
128407,546,左手,3,无名指,1,关节1(靠近手掌),21.00,238.17,-46.24
128407,546,左手,3,无名指,2,关节2(中间),18.32,245.07,-82.90
128407,546,左手,3,无名指,3,关节3(指尖),18.60,259.23,-114.81
128407,546,左手,4,小指,1,关节1(靠近手掌),36.06,232.74,-33.69
128407,546,左手,4,小指,2,关节2(中间),48.60,233.06,-51.95
128407,546,左手,4,小指,3,关节3(指尖),63.94,241.79,-73.53
128408,546,左手,0,拇指,1,关节1(靠近手掌),-18.29,239.25,18.79
128408,546,左手,0,拇指,2,关节2(中间),-35.94,260.02,-19.14
128408,546,左手,0,拇指,3,关节3(指尖),-44.65,277.24,-56.93
128408,546,左手,1,食指,1,关节1(靠近手掌),-13.37,255.61,-53.80
128408,546,左手,1,食指,2,关节2(中间),-10.52,266.86,-82.62
128408,546,左手,1,食指,3,关节3(指尖),-2.29,291.03,-108.09
128408,546,左手,2,中指,1,关节1(靠近手掌),2.00,246.59,-53.69
128408,546,左手,2,中指,2,关节2(中间),7.64,255.36,-88.77
128408,546,左手,2,中指,3,关节3(指尖),18.07,275.46,-126.53
128408,546,左手,3,无名指,1,关节1(靠近手掌),21.22,237.95,-46.33
128408,546,左手,3,无名指,2,关节2(中间),18.55,244.88,-82.94
128408,546,左手,3,无名指,3,关节3(指尖),18.86,259.05,-114.73
128408,546,左手,4,小指,1,关节1(靠近手掌),36.29,232.52,-33.78
128408,546,左手,4,小指,2,关节2(中间),48.67,232.88,-52.05
128408,546,左手,4,小指,3,关节3(指尖),63.71,241.61,-73.64
